id,product_code,product_names,product_category,product_details,unit,product_status,created_date,last_updated,bom_id,product_id,product_daterun,product_type,product_dimensions,product_expiration_date,product_selling_price,product_cost_price,product_wholesale_price,created_at,edata_id,tempId,updated_at,revision,status,id_oldsys
1,PROD,"การตรวจติดตามภายในระบบการจัดการอาชีวอนามัยและความปลอดภัย (Internal Audit ISO45001)","(CS) Consult-อื่นๆ","\N","\N",ACTIVE,"\N","\N","\N",1,202603,งานบริการ,"\N","\N","\N","\N","\N","2026-03-03 20:09:11.000000","\N","\N","\N",0,"\N","\N"
2,PROD,"การวิจัยและพัฒนา ดำเนินการปรับปรุงบรรจุภัณฑ์ PK (Research and Development of packaging)","(CS) Consult-อื่นๆ","\N","\N",ACTIVE,"\N","\N","\N",2,202603,งานบริการ,"\N","\N","\N","\N","\N","2026-03-03 20:09:11.000000","\N","\N","\N",0,"\N","\N"
3,PROD,"มาตรฐานสุขลักษณะที่ดีของครัวผลิตอาหารสาหรับคนหมู่มาก (GMP In Mass Catering)","(CS) Consult-อาหาร","\N","\N",ACTIVE,"\N","\N","\N",3,202603,งานบริการ,"\N","\N","\N","\N","\N","2026-03-03 20:09:11.000000","\N","\N","\N",0,"\N","\N"
4,PROD,"หลักเกณฑ์และวิธีการที่ดีในการผลิตอาหารตามมาตรฐานอย. (GMP THAI FDA)","(CS) Consult-อาหาร","\N","\N",ACTIVE,"\N","\N","\N",4,202603,งานบริการ,"\N","\N","\N","\N","\N","2026-03-03 20:09:11.000000","\N","\N","\N",0,"\N","\N"
5,PROD,"หลักเกณฑ์และวิธีการที่ดีในการผลิตอาหารตามมาตรฐานสากล (GMP Codex)","(CS) Consult-อาหาร","\N","\N",ACTIVE,"\N","\N","\N",5,202603,งานบริการ,"\N","\N","\N","\N","\N","2026-03-03 20:09:11.000000","\N","\N","\N",0,"\N","\N"
6,PROD,"การวิเคราะห์อันตรายและการควบคุมจุดวิกฤติ (Hazard Analysis and Critical Control Point : HACCP)","(CS) Consult-อาหาร","\N","\N",ACTIVE,"\N","\N","\N",6,202603,งานบริการ,"\N","\N","\N","\N","\N","2026-03-03 20:09:11.000000","\N","\N","\N",0,"\N","\N"
7,PROD,"ระบบมาตรฐานการจัดการด้านความปลอดภัยอาหาร (Food Safety Management System ) ISO22000:2018","(CS) Consult-อาหาร","\N","\N",ACTIVE,"\N","\N","\N",7,202603,งานบริการ,"\N","\N","\N","\N","\N","2026-03-03 20:09:11.000000","\N","\N","\N",0,"\N","\N"
8,PROD,"ระบบมาตรฐานความปลอดภัยอาหาร (Food Safety System Certification) FSSC 22000 version 7","(CS) Consult-อาหาร","\N","\N",ACTIVE,"\N","\N","\N",8,202603,งานบริการ,"\N","\N","\N","\N","\N","2026-03-03 20:09:11.000000","\N","\N","\N",0,"\N","\N"
9,PROD,"ระบบมาตรฐานอาหารระหว่างประเทศเพื่อให้การผลิตอาหารปลอดภัย  (International Food Standard) IFS","(CS) Consult-อาหาร","\N","\N",ACTIVE,"\N","\N","\N",9,202603,งานบริการ,"\N","\N","\N","\N","\N","2026-03-03 20:09:11.000000","\N","\N","\N",0,"\N","\N"
10,PROD,"ระบบมาตรฐานเกษตรอินทรีย์ (Organic)","(CS) Consult-อาหาร","\N","\N",ACTIVE,"\N","\N","\N",10,202603,งานบริการ,"\N","\N","\N","\N","\N","2026-03-03 20:09:11.000000","\N","\N","\N",0,"\N","\N"
11,PROD,หลักเกณฑ์วิธีการและเงื่อนไขการขึ้นทะเบียนโรงงานผลิตพืช,"(CS) Consult-อาหาร","\N","\N",ACTIVE,"\N","\N","\N",11,202603,งานบริการ,"\N","\N","\N","\N","\N","2026-03-03 20:09:11.000000","\N","\N","\N",0,"\N","\N"
12,PROD,"มาตรฐานคุณภาพและความปลอดภัยของสหรัฐอเมริกา (Food and Drug Administration) USA FDA","(CS) Consult-อาหาร","\N","\N",ACTIVE,"\N","\N","\N",12,202603,งานบริการ,"\N","\N","\N","\N","\N","2026-03-03 20:09:11.000000","\N","\N","\N",0,"\N","\N"
13,PROD,"มาตรฐานสุขลักษณะที่ดีในการผลิตอาหาร  (Good Hygiene Practice) GHPs","(CS) Consult-อาหาร","\N","\N",ACTIVE,"\N","\N","\N",13,202603,งานบริการ,"\N","\N","\N","\N","\N","2026-03-03 20:09:11.000000","\N","\N","\N",0,"\N","\N"
14,PROD,"การปฏิบัติทางการเกษตรที่ดี (Good Agricultural Practces ) GAP","(CS) Consult-อาหาร","\N","\N",ACTIVE,"\N","\N","\N",14,202603,งานบริการ,"\N","\N","\N","\N","\N","2026-03-03 20:09:11.000000","\N","\N","\N",0,"\N","\N"
15,PROD,"ระบบการะบบการจัดการคุณภาพและความปลอดภัยส่วนผสมอาหารสัตว์ตามมาตรฐาน (Feed Additives and Premixtures Quality System) FAMI-QS","(CS) Consult-อาหาร","\N","\N",ACTIVE,"\N","\N","\N",15,202603,งานบริการ,"\N","\N","\N","\N","\N","2026-03-03 20:09:11.000000","\N","\N","\N",0,"\N","\N"
16,PROD,"ระบบมาตรฐานการรับรองระบบสำหรับกลุ่มบริษัทธุรกิจที่ผลิตบรรจุภัณฑ์เพื่อใช้ในการผลิตสินค้าให้กับบริษัทค้าปลีก (British Retail Consortium – Institute of Food Packaging) BRC IOP Issue 6 New!!","(CS) Consult-อาหาร","\N","\N",ACTIVE,"\N","\N","\N",16,202603,งานบริการ,"\N","\N","\N","\N","\N","2026-03-03 20:09:11.000000","\N","\N","\N",0,"\N","\N"
17,PROD,"ระบบมาตรฐานอาหารฮาลาล (Halal)","(CS) Consult-อาหาร","\N","\N",ACTIVE,"\N","\N","\N",17,202603,งานบริการ,"\N","\N","\N","\N","\N","2026-03-03 20:09:11.000000","\N","\N","\N",0,"\N","\N"
18,PROD,"มาตรฐานสุขลักษณะที่ดีในการผลิตอาหาร(GHPs)/การวิเคราะห์อันตรายและการควบคุมจุดวิกฤติ (HACCP)","(CS) Consult-อาหาร","\N","\N",ACTIVE,"\N","\N","\N",18,202603,งานบริการ,"\N","\N","\N","\N","\N","2026-03-03 20:09:11.000000","\N","\N","\N",0,"\N","\N"
19,PROD,"มาตรฐานสินค้าเกษตรการปฏิบัติที่ดีสำหรับการผลิตทุเรียนแช่เยือกแข็ง (มกษ.9046)","(CS) Consult-อาหาร","\N","\N",ACTIVE,"\N","\N","\N",19,202603,งานบริการ,"\N","\N","\N","\N","\N","2026-03-03 20:09:11.000000","\N","\N","\N",0,"\N","\N"
20,PROD,"วิธีการผลิต เครื่องมือเครื่องใช้ในการผลิต และการเก็บรักษาอาหาร (ประกาศกระทรวงสาธารณสุข ฉบับที่ 420)","(CS) Consult-อาหาร","\N","\N",ACTIVE,"\N","\N","\N",20,202603,งานบริการ,"\N","\N","\N","\N","\N","2026-03-03 20:09:11.000000","\N","\N","\N",0,"\N","\N"
21,PROD,"Upgrade BRCGS Food Safety Issue 9","(CS) Consult-อาหาร","\N","\N",ACTIVE,"\N","\N","\N",21,202603,งานบริการ,"\N","\N","\N","\N","\N","2026-03-03 20:09:11.000000","\N","\N","\N",0,"\N","\N"
22,PROD,"Additional consult BRC Grade A Guarantee​","(CS) Consult-อาหาร","\N","\N",ACTIVE,"\N","\N","\N",22,202603,งานบริการ,"\N","\N","\N","\N","\N","2026-03-03 20:09:11.000000","\N","\N","\N",0,"\N","\N"
23,PROD,"BRCGS Food Safety Issue 9","(CS) Consult-อาหาร","\N","\N",ACTIVE,"\N","\N","\N",23,202603,งานบริการ,"\N","\N","\N","\N","\N","2026-03-03 20:09:11.000000","\N","\N","\N",0,"\N","\N"
24,PROD,"update เอกสาร GMP Codex เป็น GHPs","(CS) Consult-อาหาร","\N","\N",ACTIVE,"\N","\N","\N",24,202603,งานบริการ,"\N","\N","\N","\N","\N","2026-03-03 20:09:11.000000","\N","\N","\N",0,"\N","\N"
25,PROD,"การบริหารจัดการเพื่อลดการปล่อยก๊าซเรือนกระจก (Greenhouse Gases) ISO 14064-1","(CS) Consult-อาหาร","\N","\N",ACTIVE,"\N","\N","\N",25,202603,งานบริการ,"\N","\N","\N","\N","\N","2026-03-03 20:09:11.000000","\N","\N","\N",0,"\N","\N"
26,PROD,"ระบบมาตรฐานการบริหารจัดการเพื่อลดการปล่อยก๊าซเรือนกระจก (Greenhouse Gases) ISO 14064-1","(CS) Consult-อาหาร","\N","\N",ACTIVE,"\N","\N","\N",26,202603,งานบริการ,"\N","\N","\N","\N","\N","2026-03-03 20:09:11.000000","\N","\N","\N",0,"\N","\N"
27,PROD,"ระบบมาตรฐานการจัดการ ความมั่นคงปลอดภัยสารสนเทศ ISO27001:2022","(CS) Consult-อาหาร","\N","\N",ACTIVE,"\N","\N","\N",27,202603,งานบริการ,"\N","\N","\N","\N","\N","2026-03-03 20:09:11.000000","\N","\N","\N",0,"\N","\N"
28,PROD,"คาร์บอนฟุตพริ้นท์ขององค์กร (Carbon Footprint for Organization) CFO","(CS) Consult-อาหาร","\N","\N",ACTIVE,"\N","\N","\N",28,202603,งานบริการ,"\N","\N","\N","\N","\N","2026-03-03 20:09:11.000000","\N","\N","\N",0,"\N","\N"
29,PROD,"ระบบมาตรฐานการรับรองระบบสำหรับกลุ่มบริษัทธุรกิจที่ผลิตบรรจุภัณฑ์เพื่อใช้ในการผลิตสินค้าให้กับบริษัทค้าปลีก (British Retail Consortium – Institute of Food Packaging) BRC IOP Issue 7 New!!","(CS) Consult-อาหาร","\N","\N",ACTIVE,"\N","\N","\N",29,202603,งานบริการ,"\N","\N","\N","\N","\N","2026-03-03 20:09:11.000000","\N","\N","\N",0,"\N","\N"
30,PROD,"หลักเกณฑ์และวิธีการที่ดีในการผลิตยา (Good Manufacturing Practice For Drugs)","(CS) Consult-ยา","\N","\N",ACTIVE,"\N","\N","\N",30,202603,งานบริการ,"\N","\N","\N","\N","\N","2026-03-03 20:09:11.000000","\N","\N","\N",0,"\N","\N"
31,PROD,"หลักปฏิบัติที่ดีในการจัดเก็บและกระจายสินค้ายา (Guide to Good Storage & Distribution Practice For Pharmaceutical Product) GSDP PHARMA","(CS) Consult-ยา","\N","\N",ACTIVE,"\N","\N","\N",31,202603,งานบริการ,"\N","\N","\N","\N","\N","2026-03-03 20:09:11.000000","\N","\N","\N",0,"\N","\N"
32,PROD,"หลักเกณฑ์และวิธีการที่ดีในการกระจายเครื่องมือแพทย์ (Good Distribution Practice for Medical Devices-GDPMD)","(CS) Consult-เครื่องมือแพทย์","\N","\N",ACTIVE,"\N","\N","\N",32,202603,งานบริการ,"\N","\N","\N","\N","\N","2026-03-03 20:09:11.000000","\N","\N","\N",0,"\N","\N"
33,PROD,"หลักเกณฑ์และวิธีการที่ดีในการผลิตเครื่องมือแพทย์ (Guideline on the Application of Thai GMP Medical Devices)","(CS) Consult-เครื่องมือแพทย์","\N","\N",ACTIVE,"\N","\N","\N",33,202603,งานบริการ,"\N","\N","\N","\N","\N","2026-03-03 20:09:11.000000","\N","\N","\N",0,"\N","\N"
34,PROD,"ระบบการบริหารจัดการคุณภาพอุตสาหกรรมเครื่องมือแพทย์ (Medical devices Quality management systems) ISO13485:2016","(CS) Consult-เครื่องมือแพทย์","\N","\N",ACTIVE,"\N","\N","\N",34,202603,งานบริการ,"\N","\N","\N","\N","\N","2026-03-03 20:09:11.000000","\N","\N","\N",0,"\N","\N"
35,PROD,"การจัดการความเสี่ยงของเครื่องมือและอุปกณ์ทางการแพทย์ (Application Of Risk Management to Medical Devices) ISO14971","(CS) Consult-เครื่องมือแพทย์","\N","\N",ACTIVE,"\N","\N","\N",35,202603,งานบริการ,"\N","\N","\N","\N","\N","2026-03-03 20:09:11.000000","\N","\N","\N",0,"\N","\N"
36,PROD,"แนวทางและวิธีการที่ดีในการผลิตเครื่องสำอางของอาเซียน (Asian guidelines for cosmetic Good Manufacturing Practice)","(CS) Consult-เครื่องสำอาง","\N","\N",ACTIVE,"\N","\N","\N",36,202603,งานบริการ,"\N","\N","\N","\N","\N","2026-03-03 20:09:11.000000","\N","\N","\N",0,"\N","\N"
37,PROD,"ระบบการปฏิบัติที่ดีในการผลิตเครื่องสำอาง (Cosmetics Good Manufacturing Practices) ISO 22716","(CS) Consult-เครื่องสำอาง","\N","\N",ACTIVE,"\N","\N","\N",37,202603,งานบริการ,"\N","\N","\N","\N","\N","2026-03-03 20:09:11.000000","\N","\N","\N",0,"\N","\N"
38,PROD,"หลักเกณฑ์และวิธีการที่ดีในการผลิตวัตถุอันตราย (Good Manufacturing Practice for Hazardous Substances)","(CS) Consult-วัตถุอันตราย","\N","\N",ACTIVE,"\N","\N","\N",38,202603,งานบริการ,"\N","\N","\N","\N","\N","2026-03-03 20:09:11.000000","\N","\N","\N",0,"\N","\N"
39,PROD,"หลักเกณฑ์และวิธีการที่ดีในการผลิต สาหรับบรรจุภัณฑ์ (Good Manufacturing Practice For Packaging)","(CS) Consult-Food Chain เช่น อาหารสัตว์,ฟาร์ม","\N","\N",ACTIVE,"\N","\N","\N",39,202603,งานบริการ,"\N","\N","\N","\N","\N","2026-03-03 20:09:11.000000","\N","\N","\N",0,"\N","\N"
40,PROD,"หลักเกณฑ์และวิธีการที่ดีในการผลิตอาหารสัตว์ (Good Manufacturing Practice)","(CS) Consult-Food Chain เช่น อาหารสัตว์,ฟาร์ม","\N","\N",ACTIVE,"\N","\N","\N",40,202603,งานบริการ,"\N","\N","\N","\N","\N","2026-03-03 20:09:11.000000","\N","\N","\N",0,"\N","\N"
41,PROD,"ระบบการจัดการคุณภาพและความปลอดภัยส่วนผสมอาหารสัตว์ตามมาตรฐาน (Feed Additives and Premixtures Quality)","(CS) Consult-Food Chain เช่น อาหารสัตว์,ฟาร์ม","\N","\N",ACTIVE,"\N","\N","\N",41,202603,งานบริการ,"\N","\N","\N","\N","\N","2026-03-03 20:09:11.000000","\N","\N","\N",0,"\N","\N"
42,PROD,"ระบบมาตรฐานการจัดการสิ่งแวดล้อม (Environmental management system) ISO14001:2015","(CS) Consult-อื่นๆ","\N","\N",ACTIVE,"\N","\N","\N",42,202603,งานบริการ,"\N","\N","\N","\N","\N","2026-03-03 20:09:11.000000","\N","\N","\N",0,"\N","\N"
43,PROD,"ระบบมาตรฐานการจัดการอาชีวอนามัยและความปลอดภัย (Occupational Health and Safety Management Systems) ISO 45001:2018","(CS) Consult-อื่นๆ","\N","\N",ACTIVE,"\N","\N","\N",43,202603,งานบริการ,"\N","\N","\N","\N","\N","2026-03-03 20:09:11.000000","\N","\N","\N",0,"\N","\N"
44,PROD,"ระบบมาตรฐานการบริหารงานคุณภาพ (Quality Management System) ISO9001:2015","(CS) Consult-อื่นๆ","\N","\N",ACTIVE,"\N","\N","\N",44,202603,งานบริการ,"\N","\N","\N","\N","\N","2026-03-03 20:09:11.000000","\N","\N","\N",0,"\N","\N"
45,PROD,"ระบบมาตรฐานการบริการงานคุณภาพ สาหรับอุตสาหกรรมยานยนต์ (Automotive Quality Management System Standard) ISO/TS16949:2016","(CS) Consult-อื่นๆ","\N","\N",ACTIVE,"\N","\N","\N",45,202603,งานบริการ,"\N","\N","\N","\N","\N","2026-03-03 20:09:11.000000","\N","\N","\N",0,"\N","\N"
46,PROD,"ระบบการจัดการพลังงานตามมาตรฐานสากล (Energy Management System) ISO50001:2018","(CS) Consult-อื่นๆ","\N","\N",ACTIVE,"\N","\N","\N",46,202603,งานบริการ,"\N","\N","\N","\N","\N","2026-03-03 20:09:11.000000","\N","\N","\N",0,"\N","\N"
47,PROD,"ระบบมาตรฐานการประเมินความสามารถทางวิชาการของห้องปฏิบัติการ (General Requirements for the Competence of Testing and Calibration Laboratories) ISO/IEC17025:2017","(CS) Consult-อื่นๆ","\N","\N",ACTIVE,"\N","\N","\N",47,202603,งานบริการ,"\N","\N","\N","\N","\N","2026-03-03 20:09:11.000000","\N","\N","\N",0,"\N","\N"
48,PROD,"การตรวจติดตามภายในการบริหารงานคุณภาพ (IQA FOR ISO9001:2015)","(OS) One Stop Service-อาหาร","\N","\N",ACTIVE,"\N","\N","\N",48,202603,งานบริการ,"\N","\N","\N","\N","\N","2026-03-03 20:09:11.000000","\N","\N","\N",0,"\N","\N"
49,PROD,"การวิจัยและพัฒนา ดำเนินการปรับปรุงบรรจุภัณฑ์ PK (Research and Development of packaging)","(OS) One Stop Service-อื่นๆ","\N","\N",ACTIVE,"\N","\N","\N",49,202603,งานบริการ,"\N","\N","\N","\N","\N","2026-03-03 20:09:11.000000","\N","\N","\N",0,"\N","\N"
50,PROD,"ยื่นขอจดทะเบียน/จดแจ้งรายละเอียดอาหาร (สบ.3) (อาหารเสริมวัตถุเจือปน อาหารสำหรับทารถและเด็กเล็ก)","(OS) One Stop Service-อาหาร","\N","\N",ACTIVE,"\N","\N","\N",50,202603,งานบริการ,"\N","\N","\N","\N","\N","2026-03-03 20:09:11.000000","\N","\N","\N",0,"\N","\N"
51,PROD,"ยื่นขอนำเข้าเครื่องมือแพทย์ที่ใช้เป็นส่วนประกอบส่วนควบอุปกรณ์ หรือชิ้นส่วนในการผลิต เครื่องมือแพทย์หรือใช้ประกอบในการผลิตยา โดยผู้อนุญาตผลิตยาในประเทศ","(OS) One Stop Service-ยา","\N","\N",ACTIVE,"\N","\N","\N",51,202603,งานบริการ,"\N","\N","\N","\N","\N","2026-03-03 20:09:11.000000","\N","\N","\N",0,"\N","\N"
52,PROD,ยื่นขอย้ายหรือเปลี่ยนแปลงสถานที่ขายเครื่องมือแพทย์,"(OS) One Stop Service-เครื่องมือแพทย์","\N","\N",ACTIVE,"\N","\N","\N",52,202603,งานบริการ,"\N","\N","\N","\N","\N","2026-03-03 20:09:11.000000","\N","\N","\N",0,"\N","\N"
53,PROD,ยื่นขอใบแทนใบจดทะเบียนสถานประกอบการผลิตหรือนำเข้าเครื่องมือแพทย์,"(OS) One Stop Service-เครื่องมือแพทย์","\N","\N",ACTIVE,"\N","\N","\N",53,202603,งานบริการ,"\N","\N","\N","\N","\N","2026-03-03 20:09:11.000000","\N","\N","\N",0,"\N","\N"
54,PROD,"ยื่นขอแก้ไขเปลี่ยนแปลงรายการละเอียดในใบรับแจ้งรายการละเอียด ผลิต และใบรับแจ้งรายการละเอียดนำเข้าเครื่องมือแพทย์","(OS) One Stop Service-เครื่องมือแพทย์","\N","\N",ACTIVE,"\N","\N","\N",54,202603,งานบริการ,"\N","\N","\N","\N","\N","2026-03-03 20:09:11.000000","\N","\N","\N",0,"\N","\N"
55,PROD,ยื่นขอต่ออายุใบสำคัญการขึ้นทะเบียนวัตถุอันตราย,"(OS) One Stop Service-วัตถุอันตราย","\N","\N",ACTIVE,"\N","\N","\N",55,202603,งานบริการ,"\N","\N","\N","\N","\N","2026-03-03 20:09:11.000000","\N","\N","\N",0,"\N","\N"
56,PROD,"รับการตรวจประเมินระบบ  GHPs&HACCP","(OS) One Stop Service-อาหาร","\N","\N",ACTIVE,"\N","\N","\N",56,202603,งานบริการ,"\N","\N","\N","\N","\N","2026-03-03 20:09:11.000000","\N","\N","\N",0,"\N","\N"
57,PROD,"รับการตรวจประเมินระบบ FSSC22000","(OS) One Stop Service-อาหาร","\N","\N",ACTIVE,"\N","\N","\N",57,202603,งานบริการ,"\N","\N","\N","\N","\N","2026-03-03 20:09:11.000000","\N","\N","\N",0,"\N","\N"
58,PROD,"รับการตรวจประเมินระบบ ISO22000","(OS) One Stop Service-อาหาร","\N","\N",ACTIVE,"\N","\N","\N",58,202603,งานบริการ,"\N","\N","\N","\N","\N","2026-03-03 20:09:11.000000","\N","\N","\N",0,"\N","\N"
59,PROD,"ยื่นขอใบอนุญาตสถานที่ผลิตอาหาร (อ.1)","(OS) One Stop Service-อาหาร","\N","\N",ACTIVE,"\N","\N","\N",59,202603,งานบริการ,"\N","\N","\N","\N","\N","2026-03-03 20:09:11.000000","\N","\N","\N",0,"\N","\N"
60,PROD,"ยื่นขอขึ้นทะเบียนโรงงานผลิตสินค้าพืช (DOA)","(OS) One Stop Service-อาหาร","\N","\N",ACTIVE,"\N","\N","\N",60,202603,งานบริการ,"\N","\N","\N","\N","\N","2026-03-03 20:09:11.000000","\N","\N","\N",0,"\N","\N"
61,PROD,"การวิจัยและพัฒนา ดำเนินการปรับปรุงผลิตภัณฑ์ที่มีคุณภาพ R&D (Research & Development)","(OS) One Stop Service-อาหาร","\N","\N",ACTIVE,"\N","\N","\N",61,202603,งานบริการ,"\N","\N","\N","\N","\N","2026-03-03 20:09:11.000000","\N","\N","\N",0,"\N","\N"
62,PROD,ออกแบบและเขียนแปลนห้องเก็บอาหาร,"(OS) One Stop Service-อาหาร","\N","\N",ACTIVE,"\N","\N","\N",62,202603,งานบริการ,"\N","\N","\N","\N","\N","2026-03-03 20:09:11.000000","\N","\N","\N",0,"\N","\N"
63,PROD,"ตรวจประเมินเบื้องต้น (Pre Audit) เพื่อเตรียมความพร้อมในการยื่นขอการรับรองระบบ IFS","(OS) One Stop Service-อาหาร","\N","\N",ACTIVE,"\N","\N","\N",63,202603,งานบริการ,"\N","\N","\N","\N","\N","2026-03-03 20:09:11.000000","\N","\N","\N",0,"\N","\N"
64,PROD,"ดูแลรักษาระบบ (Qualia System Maintenance) IFS","(OS) One Stop Service-อาหาร","\N","\N",ACTIVE,"\N","\N","\N",64,202603,งานบริการ,"\N","\N","\N","\N","\N","2026-03-03 20:09:11.000000","\N","\N","\N",0,"\N","\N"
65,PROD,"ดูแลรักษาระบบ (Qualia System Maintenance) GHPs","(OS) One Stop Service-อาหาร","\N","\N",ACTIVE,"\N","\N","\N",65,202603,งานบริการ,"\N","\N","\N","\N","\N","2026-03-03 20:09:11.000000","\N","\N","\N",0,"\N","\N"
66,PROD,"ดูแลรักษาระบบ (Qualia System Maintenance) ISO22000","(OS) One Stop Service-อาหาร","\N","\N",ACTIVE,"\N","\N","\N",66,202603,งานบริการ,"\N","\N","\N","\N","\N","2026-03-03 20:09:11.000000","\N","\N","\N",0,"\N","\N"
67,PROD,"ดูแลรักษาระบบ (Qualia System Maintenance) FSSC22000","(OS) One Stop Service-อาหาร","\N","\N",ACTIVE,"\N","\N","\N",67,202603,งานบริการ,"\N","\N","\N","\N","\N","2026-03-03 20:09:11.000000","\N","\N","\N",0,"\N","\N"
68,PROD,"ยื่นขอใบแทนใบอนุญาตสถานที่ผลิตอาหาร (อ.2)","(OS) One Stop Service-อาหาร","\N","\N",ACTIVE,"\N","\N","\N",68,202603,งานบริการ,"\N","\N","\N","\N","\N","2026-03-03 20:09:11.000000","\N","\N","\N",0,"\N","\N"
69,PROD,"ยื่นขอใบอนุญาตสถานที่ผลิตอาหาร (อ.2)","(OS) One Stop Service-อาหาร","\N","\N",ACTIVE,"\N","\N","\N",69,202603,งานบริการ,"\N","\N","\N","\N","\N","2026-03-03 20:09:11.000000","\N","\N","\N",0,"\N","\N"
70,PROD,"ยื่นขอใบแทนใบอนุญาตสถานที่ผลิตอาหาร กรณีไม่เข้าข่ายโรงงาน (สบ.1) คัดสำเนำ","(OS) One Stop Service-อาหาร","\N","\N",ACTIVE,"\N","\N","\N",70,202603,งานบริการ,"\N","\N","\N","\N","\N","2026-03-03 20:09:11.000000","\N","\N","\N",0,"\N","\N"
71,PROD,"ยื่นขอใบอนุญาตสถานที่ผลิตอาหาร กรณีไม่เข้าข่ายโรงงาน (สบ.1)","(OS) One Stop Service-อาหาร","\N","\N",ACTIVE,"\N","\N","\N",71,202603,งานบริการ,"\N","\N","\N","\N","\N","2026-03-03 20:09:11.000000","\N","\N","\N",0,"\N","\N"
72,PROD,"ยื่นขอใบอนุญาตนำเข้าซึ่งอาหารเพื่อเป็นตัวอย่างสำหรับการขึ้นทะเบียนตำรับอาหาร หรือเพื่อพิจารณาในการสั่งซื้อ (อ.16)","(OS) One Stop Service-อาหาร","\N","\N",ACTIVE,"\N","\N","\N",72,202603,งานบริการ,"\N","\N","\N","\N","\N","2026-03-03 20:09:11.000000","\N","\N","\N",0,"\N","\N"
73,PROD,"ยื่นขอใบอนุญาตนำหรือสั่งอาหารเข้ามาในราชอาณาจักร (อ.7)","(OS) One Stop Service-อาหาร","\N","\N",ACTIVE,"\N","\N","\N",73,202603,งานบริการ,"\N","\N","\N","\N","\N","2026-03-03 20:09:11.000000","\N","\N","\N",0,"\N","\N"
74,PROD,"ยื่นขอต่ออายุใบอนุญาตนำหรือสั่งอาหารเข้ามาในราชอาณาจักร ( อ.8)","(OS) One Stop Service-อาหาร","\N","\N",ACTIVE,"\N","\N","\N",74,202603,งานบริการ,"\N","\N","\N","\N","\N","2026-03-03 20:09:11.000000","\N","\N","\N",0,"\N","\N"
75,PROD,"ยื่นขอใบแทนใบอนุญาตนำหรือสั่งอาหารเข้ามาในราชอาณาจักร (อ.9)","(OS) One Stop Service-อาหาร","\N","\N",ACTIVE,"\N","\N","\N",75,202603,งานบริการ,"\N","\N","\N","\N","\N","2026-03-03 20:09:11.000000","\N","\N","\N",0,"\N","\N"
76,PROD,"ยื่นขอใบอนุญาตเพิ่มสูตร/เปลี่ยนแปลงแก้ไขสูตรการผลิตอาหาร ฉลากอาหาร","(OS) One Stop Service-อาหาร","\N","\N",ACTIVE,"\N","\N","\N",76,202603,งานบริการ,"\N","\N","\N","\N","\N","2026-03-03 20:09:11.000000","\N","\N","\N",0,"\N","\N"
77,PROD,"ยื่นขอใบสำคัญการขึ้นทะเบียนตำรับอาหาร (อ.18)","(OS) One Stop Service-อาหาร","\N","\N",ACTIVE,"\N","\N","\N",77,202603,งานบริการ,"\N","\N","\N","\N","\N","2026-03-03 20:09:11.000000","\N","\N","\N",0,"\N","\N"
78,PROD,"ยื่นต่ออายุใบอนุญาตสถานที่ผลิตอาหาร (อ.2) กรณีไม่ต้องตรวจสถานที่ผลิตใหม่","(OS) One Stop Service-อาหาร","\N","\N",ACTIVE,"\N","\N","\N",78,202603,งานบริการ,"\N","\N","\N","\N","\N","2026-03-03 20:09:11.000000","\N","\N","\N",0,"\N","\N"
79,PROD,"ยื่นต่ออายุใบอนุญาตสถานที่ผลิตอาหาร (อ.2) กรณีมีความจำเป็นต้องตรวจสถานที่ผลิตใหม่","(OS) One Stop Service-อาหาร","\N","\N",ACTIVE,"\N","\N","\N",79,202603,งานบริการ,"\N","\N","\N","\N","\N","2026-03-03 20:09:11.000000","\N","\N","\N",0,"\N","\N"
80,PROD,"ยื่นขออนุญาตเปลี่ยนแปลงแก้ไขรายการในใบอนุญาตสถานที่ผลิตอาหาร (อ.2)(กรณีไม่ต้องตรวจสถานที่ผลิตใหม่)","(OS) One Stop Service-อาหาร","\N","\N",ACTIVE,"\N","\N","\N",80,202603,งานบริการ,"\N","\N","\N","\N","\N","2026-03-03 20:09:11.000000","\N","\N","\N",0,"\N","\N"
81,PROD,"ยื่นขออนุญาตเปลี่ยนแปลงแก้ไขรายการในใบอนุญาตสถานที่ผลิตอาหาร (อ.2)(กรณีมีความจำเป็นต้องตรวจสถานที่ผลิตใหม่)","(OS) One Stop Service-อาหาร","\N","\N",ACTIVE,"\N","\N","\N",81,202603,งานบริการ,"\N","\N","\N","\N","\N","2026-03-03 20:09:11.000000","\N","\N","\N",0,"\N","\N"
82,PROD,"ยื่นขออนุญาตเปลี่ยนแปลงแก้ไขรายการในใบสำคัญการขึ้นทะเบียนตำรับอาหาร (อ.18)หรือการแก้ไขฉลาก (อ.19)","(OS) One Stop Service-อาหาร","\N","\N",ACTIVE,"\N","\N","\N",82,202603,งานบริการ,"\N","\N","\N","\N","\N","2026-03-03 20:09:11.000000","\N","\N","\N",0,"\N","\N"
83,PROD,"ยื่นขอจดทะเบียน/จดแจ้งรายละเอียดอาหาร (สบ.7)","(OS) One Stop Service-อาหาร","\N","\N",ACTIVE,"\N","\N","\N",83,202603,งานบริการ,"\N","\N","\N","\N","\N","2026-03-03 20:09:11.000000","\N","\N","\N",0,"\N","\N"
84,PROD,"ยื่นขอจดทะเบียน/จดแจ้งรายละเอียดอาหาร (สบ.5) (อาหารสำเร็จรูปพร้อมบริโภคทันที)","(OS) One Stop Service-อาหาร","\N","\N",ACTIVE,"\N","\N","\N",84,202603,งานบริการ,"\N","\N","\N","\N","\N","2026-03-03 20:09:11.000000","\N","\N","\N",0,"\N","\N"
85,PROD,"ยื่นขอจดทะเบียน/จดแจ้งรายละเอียดอาหาร (อาหารควบคุมเฉพาะและผลิตภัณฑ์เสริมอาหาร)","(OS) One Stop Service-อาหาร","\N","\N",ACTIVE,"\N","\N","\N",85,202603,งานบริการ,"\N","\N","\N","\N","\N","2026-03-03 20:09:11.000000","\N","\N","\N",0,"\N","\N"
86,PROD,ยื่นขอแก้ไขรายละเอียดของอาหารที่จดทะเบียนอาหาร,"(OS) One Stop Service-อาหาร","\N","\N",ACTIVE,"\N","\N","\N",86,202603,งานบริการ,"\N","\N","\N","\N","\N","2026-03-03 20:09:11.000000","\N","\N","\N",0,"\N","\N"
87,PROD,"ยื่นขอเปลี่ยนแปลงแก้ไขใบสำคัญการขึ้นทะเบียนตำรับอาหาร รวมทั้งการเปลี่ยนแปลงสูตร (แก้ไข อ.18)","(OS) One Stop Service-อาหาร","\N","\N",ACTIVE,"\N","\N","\N",87,202603,งานบริการ,"\N","\N","\N","\N","\N","2026-03-03 20:09:11.000000","\N","\N","\N",0,"\N","\N"
88,PROD,ยื่นขออนุญาตโฆษณาอาหาร,"(OS) One Stop Service-อาหาร","\N","\N",ACTIVE,"\N","\N","\N",88,202603,งานบริการ,"\N","\N","\N","\N","\N","2026-03-03 20:09:11.000000","\N","\N","\N",0,"\N","\N"
89,PROD,"ตรวจประเมินเบื้องต้น (Pre Audit) เพื่อเตรียมความพร้อมในการยื่นขอการรับรองระบบ GHPs","(OS) One Stop Service-อาหาร","\N","\N",ACTIVE,"\N","\N","\N",89,202603,งานบริการ,"\N","\N","\N","\N","\N","2026-03-03 20:09:11.000000","\N","\N","\N",0,"\N","\N"
90,PROD,"รับการตรวจประเมินระบบ IFS","(OS) One Stop Service-อาหาร","\N","\N",ACTIVE,"\N","\N","\N",90,202603,งานบริการ,"\N","\N","\N","\N","\N","2026-03-03 20:09:11.000000","\N","\N","\N",0,"\N","\N"
91,PROD,"ยื่นขอแก้ไขเปลี่ยนแปลงใบอนุญาตสถานที่นำสั่งยาแผนปัจจุบัน และยาแผนโบราณเข้ามาในราชอาณาจักร","(OS) One Stop Service-อาหาร","\N","\N",ACTIVE,"\N","\N","\N",91,202603,งานบริการ,"\N","\N","\N","\N","\N","2026-03-03 20:09:11.000000","\N","\N","\N",0,"\N","\N"
92,PROD,"ตรวจประเมินเบื้องต้น (Pre Audit) เพื่อเตรียมความพร้อมในการยื่นขอการรับรองระบบ GHPs/HACCP","(OS) One Stop Service-อาหาร","\N","\N",ACTIVE,"\N","\N","\N",92,202603,งานบริการ,"\N","\N","\N","\N","\N","2026-03-03 20:09:11.000000","\N","\N","\N",0,"\N","\N"
93,PROD,"ตรวจประเมินเบื้องต้น (Pre Audit) เพื่อเตรียมความพร้อมในการยื่นขอการรับรองระบบ ISO22000","(OS) One Stop Service-อาหาร","\N","\N",ACTIVE,"\N","\N","\N",93,202603,งานบริการ,"\N","\N","\N","\N","\N","2026-03-03 20:09:11.000000","\N","\N","\N",0,"\N","\N"
94,PROD,"ตรวจประเมินเบื้องต้น (Pre Audit) เพื่อเตรียมความพร้อมในการยื่นขอการรับรองระบบ FSSC22000","(OS) One Stop Service-อาหาร","\N","\N",ACTIVE,"\N","\N","\N",94,202603,งานบริการ,"\N","\N","\N","\N","\N","2026-03-03 20:09:11.000000","\N","\N","\N",0,"\N","\N"
95,PROD,เพิ่มสโคปผลิตภัณฑ์ในไลน์ผลิต,"(OS) One Stop Service-อาหาร","\N","\N",ACTIVE,"\N","\N","\N",95,202603,งานบริการ,"\N","\N","\N","\N","\N","2026-03-03 20:09:11.000000","\N","\N","\N",0,"\N","\N"
96,PROD,จัดประเภทอาหาร,"(OS) One Stop Service-อาหาร","\N","\N",ACTIVE,"\N","\N","\N",96,202603,งานบริการ,"\N","\N","\N","\N","\N","2026-03-03 20:09:11.000000","\N","\N","\N",0,"\N","\N"
97,PROD,"ขอเลขสารระบบสบ.3/ อ.18","(OS) One Stop Service-อาหาร","\N","\N",ACTIVE,"\N","\N","\N",97,202603,งานบริการ,"\N","\N","\N","\N","\N","2026-03-03 20:09:11.000000","\N","\N","\N",0,"\N","\N"
98,PROD,ค่าเอกสารอบรม,"(OS) One Stop Service-อาหาร","\N","\N",ACTIVE,"\N","\N","\N",98,202603,งานบริการ,"\N","\N","\N","\N","\N","2026-03-03 20:09:11.000000","\N","\N","\N",0,"\N","\N"
99,PROD,"ยื่นขอจดทะเบียน/จดแจ้งรายละเอียดอาหาร (สบ.3) (อาหารเสริม 1 รายการ )","(OS) One Stop Service-อาหาร","\N","\N",ACTIVE,"\N","\N","\N",99,202603,งานบริการ,"\N","\N","\N","\N","\N","2026-03-03 20:09:11.000000","\N","\N","\N",0,"\N","\N"
100,PROD,"ดำเนินการจัดทำเอกสาร : เรื่องความปลอดภัยและอาชีวอนามัยในสถานที่ประกอบการ","(OS) One Stop Service-อาหาร","\N","\N",ACTIVE,"\N","\N","\N",100,202603,งานบริการ,"\N","\N","\N","\N","\N","2026-03-03 20:09:11.000000","\N","\N","\N",0,"\N","\N"
101,PROD,"ยื่นขอเพิ่ม Scope ใบอนุญาต รง.4","(OS) One Stop Service-อาหาร","\N","\N",ACTIVE,"\N","\N","\N",101,202603,งานบริการ,"\N","\N","\N","\N","\N","2026-03-03 20:09:11.000000","\N","\N","\N",0,"\N","\N"
102,PROD,จัดทำเอกสารประกอบการอบรม,"(OS) One Stop Service-อาหาร","\N","\N",ACTIVE,"\N","\N","\N",102,202603,งานบริการ,"\N","\N","\N","\N","\N","2026-03-03 20:09:11.000000","\N","\N","\N",0,"\N","\N"
103,PROD,"ขอเลขสารบบวัตถุแต่งกลิ่นรส (นำเข้า)","(OS) One Stop Service-อาหาร","\N","\N",ACTIVE,"\N","\N","\N",103,202603,งานบริการ,"\N","\N","\N","\N","\N","2026-03-03 20:09:11.000000","\N","\N","\N",0,"\N","\N"
104,PROD,"update เอกสาร GMP อย.","(OS) One Stop Service-อาหาร","\N","\N",ACTIVE,"\N","\N","\N",104,202603,งานบริการ,"\N","\N","\N","\N","\N","2026-03-03 20:09:11.000000","\N","\N","\N",0,"\N","\N"
105,PROD,"เตรียมความพร้อมก่อนตรวจรับรอง (Pre Audit) GHPs/HACCP","(OS) One Stop Service-อาหาร","\N","\N",ACTIVE,"\N","\N","\N",105,202603,งานบริการ,"\N","\N","\N","\N","\N","2026-03-03 20:09:11.000000","\N","\N","\N",0,"\N","\N"
106,PROD,"รับการตรวจประเมินระบบ GMP 420","(OS) One Stop Service-อาหาร","\N","\N",ACTIVE,"\N","\N","\N",106,202603,งานบริการ,"\N","\N","\N","\N","\N","2026-03-03 20:09:11.000000","\N","\N","\N",0,"\N","\N"
107,PROD,"ยื่นขอใบอนุญาตขึ้นทะเบียนตำรับยาแผนปัจจุบัน และยาแผนโบราณ","(OS) One Stop Service-ยา","\N","\N",ACTIVE,"\N","\N","\N",107,202603,งานบริการ,"\N","\N","\N","\N","\N","2026-03-03 20:09:11.000000","\N","\N","\N",0,"\N","\N"
108,PROD,"ยื่นต่ออายุทะเบียนตำรับยาแผนปัจจุบัน และยาแผนโบราณ","(OS) One Stop Service-ยา","\N","\N",ACTIVE,"\N","\N","\N",108,202603,งานบริการ,"\N","\N","\N","\N","\N","2026-03-03 20:09:11.000000","\N","\N","\N",0,"\N","\N"
109,PROD,ยื่นขอใบอนุญาตโฆษณาขายยา,"(OS) One Stop Service-ยา","\N","\N",ACTIVE,"\N","\N","\N",109,202603,งานบริการ,"\N","\N","\N","\N","\N","2026-03-03 20:09:11.000000","\N","\N","\N",0,"\N","\N"
110,PROD,"ยื่นขอใบอนุญาตสถานที่ผลิตยาแผนปัจจุบัน และยาแผนโบราณ","(OS) One Stop Service-ยา","\N","\N",ACTIVE,"\N","\N","\N",110,202603,งานบริการ,"\N","\N","\N","\N","\N","2026-03-03 20:09:11.000000","\N","\N","\N",0,"\N","\N"
111,PROD,"ยื่นต่ออายุใบอนุญาตสถานที่ผลิตยาแผนปัจจุบัน และยาแผนโบราณ","(OS) One Stop Service-ยา","\N","\N",ACTIVE,"\N","\N","\N",111,202603,งานบริการ,"\N","\N","\N","\N","\N","2026-03-03 20:09:11.000000","\N","\N","\N",0,"\N","\N"
112,PROD,"ยื่นขอแก้ไขใบอนุญาตสถานที่ผลิตยาแผนปัจจุบัน และยาแผนโบราณ","(OS) One Stop Service-ยา","\N","\N",ACTIVE,"\N","\N","\N",112,202603,งานบริการ,"\N","\N","\N","\N","\N","2026-03-03 20:09:11.000000","\N","\N","\N",0,"\N","\N"
113,PROD,"ยื่นขอใบอนุญาตสถานที่นำสั่งยาแผนปัจจุบัน และยาแผนโบราณเข้ามาในราชอาณาจักร","(OS) One Stop Service-ยา","\N","\N",ACTIVE,"\N","\N","\N",113,202603,งานบริการ,"\N","\N","\N","\N","\N","2026-03-03 20:09:11.000000","\N","\N","\N",0,"\N","\N"
114,PROD,"ยื่นต่ออายุใบอนุญาตสถานที่นำสั่งยาแผนปัจจุบัน และยาแผนโบราณเข้ามาในราชอาณาจักร","(OS) One Stop Service-ยา","\N","\N",ACTIVE,"\N","\N","\N",114,202603,งานบริการ,"\N","\N","\N","\N","\N","2026-03-03 20:09:11.000000","\N","\N","\N",0,"\N","\N"
115,PROD,"ยื่นขอใบอนุญาตขายยาแผนปัจจุบัน / ขายยาแผนโบราณ / ขายส่งยาแผนปัจจุบัน / ขายยาบรรจุเสร็จฯ สำหรับสัตว์","(OS) One Stop Service-ยา","\N","\N",ACTIVE,"\N","\N","\N",115,202603,งานบริการ,"\N","\N","\N","\N","\N","2026-03-03 20:09:11.000000","\N","\N","\N",0,"\N","\N"
116,PROD,"ยื่นขอผลิตเครื่องมือแพทย์ในปริมาณเท่าที่จำเป็น เพื่อเป็นตัวอย่างใน การส่งออก ซึ่งได้รับการยกเว้นไม่ต้องขอรับใบอนุญาต หรือขอใบรับแจ้งรายการละเอียด","(OS) One Stop Service-เครื่องมือแพทย์","\N","\N",ACTIVE,"\N","\N","\N",116,202603,งานบริการ,"\N","\N","\N","\N","\N","2026-03-03 20:09:11.000000","\N","\N","\N",0,"\N","\N"
117,PROD,ยื่นขออนุญาตโฆษณาเครื่องมือแพทย์,"(OS) One Stop Service-เครื่องมือแพทย์","\N","\N",ACTIVE,"\N","\N","\N",117,202603,งานบริการ,"\N","\N","\N","\N","\N","2026-03-03 20:09:11.000000","\N","\N","\N",0,"\N","\N"
118,PROD,ยื่นขอแก้ไขเปลี่ยนแปลงรายละเอียดในใบอนุญาตโฆษณาเครื่องมือแพทย์,"(OS) One Stop Service-เครื่องมือแพทย์","\N","\N",ACTIVE,"\N","\N","\N",118,202603,งานบริการ,"\N","\N","\N","\N","\N","2026-03-03 20:09:11.000000","\N","\N","\N",0,"\N","\N"
119,PROD,ยื่นขอใบแทนใบอนุญาตโฆษณาเครื่องมือแพทย์,"(OS) One Stop Service-เครื่องมือแพทย์","\N","\N",ACTIVE,"\N","\N","\N",119,202603,งานบริการ,"\N","\N","\N","\N","\N","2026-03-03 20:09:11.000000","\N","\N","\N",0,"\N","\N"
120,PROD,ยื่นขออนุญาตขายเครื่องมือแพทย์,"(OS) One Stop Service-เครื่องมือแพทย์","\N","\N",ACTIVE,"\N","\N","\N",120,202603,งานบริการ,"\N","\N","\N","\N","\N","2026-03-03 20:09:11.000000","\N","\N","\N",0,"\N","\N"
121,PROD,ยื่นขอแก้ไขเปลี่ยนแปลงรายการในใบอนุญาตขายเครื่องมือแพทย์,"(OS) One Stop Service-เครื่องมือแพทย์","\N","\N",ACTIVE,"\N","\N","\N",121,202603,งานบริการ,"\N","\N","\N","\N","\N","2026-03-03 20:09:11.000000","\N","\N","\N",0,"\N","\N"
122,PROD,ยื่นขอต่ออายุใบอนุญาตขายเครื่องมือแพทย์,"(OS) One Stop Service-เครื่องมือแพทย์","\N","\N",ACTIVE,"\N","\N","\N",122,202603,งานบริการ,"\N","\N","\N","\N","\N","2026-03-03 20:09:11.000000","\N","\N","\N",0,"\N","\N"
123,PROD,ยื่นขอรับใบแทนใบอนุญาตขายเครื่องมือแพทย์,"(OS) One Stop Service-เครื่องมือแพทย์","\N","\N",ACTIVE,"\N","\N","\N",123,202603,งานบริการ,"\N","\N","\N","\N","\N","2026-03-03 20:09:11.000000","\N","\N","\N",0,"\N","\N"
124,PROD,"ยื่นขอผลิต หรือนำเข้าเครื่องมือแพทย์ในปริมาณเท่าที่จำเป็น เพื่อเป็น ตัวอย่างในการขออนุญาตหรือแจ้งรายการละเอียด ซึ่งได้รับการยกเว้นไม่ต้องขอรับใบอนุญาต หรือขอใบรับแจ้งรายการละเอียด","(OS) One Stop Service-เครื่องมือแพทย์","\N","\N",ACTIVE,"\N","\N","\N",124,202603,งานบริการ,"\N","\N","\N","\N","\N","2026-03-03 20:09:11.000000","\N","\N","\N",0,"\N","\N"
125,PROD,ยื่นขอใบแทนใบรับแจ้งรายการละเอียดผลิตและนำเข้าเครื่องมือแพทย์,"(OS) One Stop Service-เครื่องมือแพทย์","\N","\N",ACTIVE,"\N","\N","\N",125,202603,งานบริการ,"\N","\N","\N","\N","\N","2026-03-03 20:09:11.000000","\N","\N","\N",0,"\N","\N"
126,PROD,ยื่นขอย้าย/เปลี่ยนแปลงสถานที่ผลิตหรือเก็บรักษาเครื่องมือแพทย์,"(OS) One Stop Service-เครื่องมือแพทย์","\N","\N",ACTIVE,"\N","\N","\N",126,202603,งานบริการ,"\N","\N","\N","\N","\N","2026-03-03 20:09:11.000000","\N","\N","\N",0,"\N","\N"
127,PROD,ยื่นขอย้าย/เปลี่ยนแปลงสถานที่นำเข้าหรือเก็บรักษาเครื่องมือแพทย์,"(OS) One Stop Service-เครื่องมือแพทย์","\N","\N",ACTIVE,"\N","\N","\N",127,202603,งานบริการ,"\N","\N","\N","\N","\N","2026-03-03 20:09:11.000000","\N","\N","\N",0,"\N","\N"
128,PROD,"ยื่นขอแก้ไขเปลี่ยนแปลงรายการในใบจดทะเบียนสถานประกอบนำเข้า เครื่องมือแพทย์ (กรณีเปลี่ยนแปลง/เพิ่มเติมขอบข่าย)","(OS) One Stop Service-เครื่องมือแพทย์","\N","\N",ACTIVE,"\N","\N","\N",128,202603,งานบริการ,"\N","\N","\N","\N","\N","2026-03-03 20:09:11.000000","\N","\N","\N",0,"\N","\N"
129,PROD,ขอใบแทนใบจดทะเบียนสถานประกอบการผลิตหรือนำเข้าเครื่องมือแพทย์,"(OS) One Stop Service-เครื่องมือแพทย์","\N","\N",ACTIVE,"\N","\N","\N",129,202603,งานบริการ,"\N","\N","\N","\N","\N","2026-03-03 20:09:11.000000","\N","\N","\N",0,"\N","\N"
130,PROD,"ยื่นขอแก้ไขเปลี่ยนแปลงรายการที่ได้รับอนุญาตในใบอนุญาตผลิต และ ใบอนุญาตนำเข้าเครื่องมือแพทย์","(OS) One Stop Service-เครื่องมือแพทย์","\N","\N",ACTIVE,"\N","\N","\N",130,202603,งานบริการ,"\N","\N","\N","\N","\N","2026-03-03 20:09:11.000000","\N","\N","\N",0,"\N","\N"
131,PROD,ยื่นขอแจ้งรายการละเอียดผลิตและแจ้งรายละเอียดนำเข้าเครื่องมือแพทย์,"(OS) One Stop Service-เครื่องมือแพทย์","\N","\N",ACTIVE,"\N","\N","\N",131,202603,งานบริการ,"\N","\N","\N","\N","\N","2026-03-03 20:09:11.000000","\N","\N","\N",0,"\N","\N"
132,PROD,"ยื่นขอต่ออายุใบรับแจ้งรายการละเอียดผลิตและใบรับแจ้งรายการ ละเอียดนำเข้าเครื่องมือแพทย์","(OS) One Stop Service-เครื่องมือแพทย์","\N","\N",ACTIVE,"\N","\N","\N",132,202603,งานบริการ,"\N","\N","\N","\N","\N","2026-03-03 20:09:11.000000","\N","\N","\N",0,"\N","\N"
133,PROD,ยื่นขออนุญาตผลิตเครื่องมือแพทย์เพื่อการส่งออก,"(OS) One Stop Service-เครื่องมือแพทย์","\N","\N",ACTIVE,"\N","\N","\N",133,202603,งานบริการ,"\N","\N","\N","\N","\N","2026-03-03 20:09:11.000000","\N","\N","\N",0,"\N","\N"
134,PROD,"ยื่นขอแก้ไขเปลี่ยนแปลงรายการที่ได้รับอนุญาตในหนังสือรับรองการ ผลิตเครื่องมือแพทย์เพื่อการส่งออก","(OS) One Stop Service-เครื่องมือแพทย์","\N","\N",ACTIVE,"\N","\N","\N",134,202603,งานบริการ,"\N","\N","\N","\N","\N","2026-03-03 20:09:11.000000","\N","\N","\N",0,"\N","\N"
135,PROD,"ยื่นขอเพิ่มเติมรายการเครื่องมือแพทย์และแก้ไขเปลี่ยนแปลงอื่น ๆ ใน หนังสือรับรองประกอบการนำเข้าเครื่องมือแพทย์","(OS) One Stop Service-เครื่องมือแพทย์","\N","\N",ACTIVE,"\N","\N","\N",135,202603,งานบริการ,"\N","\N","\N","\N","\N","2026-03-03 20:09:11.000000","\N","\N","\N",0,"\N","\N"
136,PROD,ยื่นขอใบแทนหนังสือรับรองประกอบการนำเข้าเครื่องมือแพทย์,"(OS) One Stop Service-เครื่องมือแพทย์","\N","\N",ACTIVE,"\N","\N","\N",136,202603,งานบริการ,"\N","\N","\N","\N","\N","2026-03-03 20:09:11.000000","\N","\N","\N",0,"\N","\N"
137,PROD,ยื่นขอนำเข้าเครื่องมือแพทย์สำหรับผลิตเพื่อการส่งออก,"(OS) One Stop Service-เครื่องมือแพทย์","\N","\N",ACTIVE,"\N","\N","\N",137,202603,งานบริการ,"\N","\N","\N","\N","\N","2026-03-03 20:09:11.000000","\N","\N","\N",0,"\N","\N"
138,PROD,"ยื่นขอนำเข้าเครื่องมือแพทย์เพื่อการวิจัย หรือเพื่อการวิเคราะห์ หรือเพื่อการทดสอบคุณภาพ มาตรฐาน","(OS) One Stop Service-เครื่องมือแพทย์","\N","\N",ACTIVE,"\N","\N","\N",138,202603,งานบริการ,"\N","\N","\N","\N","\N","2026-03-03 20:09:11.000000","\N","\N","\N",0,"\N","\N"
139,PROD,ยื่นขอจดทะเบียนสถานประกอบการผลิตเครื่องมือแพทย์,"(OS) One Stop Service-เครื่องมือแพทย์","\N","\N",ACTIVE,"\N","\N","\N",139,202603,งานบริการ,"\N","\N","\N","\N","\N","2026-03-03 20:09:11.000000","\N","\N","\N",0,"\N","\N"
140,PROD,"ยื่นขอแก้ไขเปลี่ยนแปลงรายการในใบจดทะเบียนสถานประกอบการผลิต เครื่องมือแพทย์","(OS) One Stop Service-เครื่องมือแพทย์","\N","\N",ACTIVE,"\N","\N","\N",140,202603,งานบริการ,"\N","\N","\N","\N","\N","2026-03-03 20:09:11.000000","\N","\N","\N",0,"\N","\N"
141,PROD,ยื่นขอจดทะเบียนสถานประกอบการนำเข้า,"(OS) One Stop Service-เครื่องมือแพทย์","\N","\N",ACTIVE,"\N","\N","\N",141,202603,งานบริการ,"\N","\N","\N","\N","\N","2026-03-03 20:09:11.000000","\N","\N","\N",0,"\N","\N"
142,PROD,ยื่นขอต่ออายุใบจดทะเบียนสถานประกอบการผลิตหรือนำเข้าเครื่องมือแพทย์,"(OS) One Stop Service-เครื่องมือแพทย์","\N","\N",ACTIVE,"\N","\N","\N",142,202603,งานบริการ,"\N","\N","\N","\N","\N","2026-03-03 20:09:11.000000","\N","\N","\N",0,"\N","\N"
143,PROD,ยื่นขอต่ออายุใบอนุญาตผลิตและใบอนุญาตนำเข้าเครื่องมือแพทย์,"(OS) One Stop Service-เครื่องมือแพทย์","\N","\N",ACTIVE,"\N","\N","\N",143,202603,งานบริการ,"\N","\N","\N","\N","\N","2026-03-03 20:09:11.000000","\N","\N","\N",0,"\N","\N"
144,PROD,ยื่นขอใบแทนหนังสือรับรองการผลิตเครื่องมือแพทย์เพื่อการส่งออก,"(OS) One Stop Service-เครื่องมือแพทย์","\N","\N",ACTIVE,"\N","\N","\N",144,202603,งานบริการ,"\N","\N","\N","\N","\N","2026-03-03 20:09:11.000000","\N","\N","\N",0,"\N","\N"
145,PROD,"ยื่นขอผลิต หรือนำเข้าเครื่องมือแพทย์ในปริมาณเท่าที่จำเป็น เพื่อจัด นิทรรศการ หรือเพื่อใช้ในการศึกษา วิจัย ซึ่งได้รับการยกเว้นไม่ต้องขอรับใบอนุญาต หรือขอใบรับแจ้งรายการละเอียด","(OS) One Stop Service-เครื่องมือแพทย์","\N","\N",ACTIVE,"\N","\N","\N",145,202603,งานบริการ,"\N","\N","\N","\N","\N","2026-03-03 20:09:11.000000","\N","\N","\N",0,"\N","\N"
146,PROD,ยื่นขอใบอนุญาตนำเข้าเครื่องสำอาง,"(OS) One Stop Service-เครื่องสำอาง","\N","\N",ACTIVE,"\N","\N","\N",146,202603,งานบริการ,"\N","\N","\N","\N","\N","2026-03-03 20:09:11.000000","\N","\N","\N",0,"\N","\N"
147,PROD,ยื่นคำขอจดแจ้งเครื่องสำอาง,"(OS) One Stop Service-เครื่องสำอาง","\N","\N",ACTIVE,"\N","\N","\N",147,202603,งานบริการ,"\N","\N","\N","\N","\N","2026-03-03 20:09:11.000000","\N","\N","\N",0,"\N","\N"
148,PROD,ยื่นต่ออายุใบจดแจ้งเครื่องสำอาง,"(OS) One Stop Service-เครื่องสำอาง","\N","\N",ACTIVE,"\N","\N","\N",148,202603,งานบริการ,"\N","\N","\N","\N","\N","2026-03-03 20:09:11.000000","\N","\N","\N",0,"\N","\N"
149,PROD,ยื่นต่ออายุใบอนุญาตสถานที่ผลิตเครื่องสำอาง,"(OS) One Stop Service-เครื่องสำอาง","\N","\N",ACTIVE,"\N","\N","\N",149,202603,งานบริการ,"\N","\N","\N","\N","\N","2026-03-03 20:09:11.000000","\N","\N","\N",0,"\N","\N"
150,PROD,ยื่นต่ออายุใบอนุญาตนำเข้าเครื่องสำอาง,"(OS) One Stop Service-เครื่องสำอาง","\N","\N",ACTIVE,"\N","\N","\N",150,202603,งานบริการ,"\N","\N","\N","\N","\N","2026-03-03 20:09:11.000000","\N","\N","\N",0,"\N","\N"
151,PROD,ยื่นขออนุญาตเปลี่ยนแปลงแก้ไขรายการในใบอนุญาตสถานที่ผลิตเครื่องสำอาง,"(OS) One Stop Service-เครื่องสำอาง","\N","\N",ACTIVE,"\N","\N","\N",151,202603,งานบริการ,"\N","\N","\N","\N","\N","2026-03-03 20:09:11.000000","\N","\N","\N",0,"\N","\N"
152,PROD,ยื่นขอใบอนุญาตสถานที่ผลิตเครื่องสำอาง,"(OS) One Stop Service-เครื่องสำอาง","\N","\N",ACTIVE,"\N","\N","\N",152,202603,งานบริการ,"\N","\N","\N","\N","\N","2026-03-03 20:09:11.000000","\N","\N","\N",0,"\N","\N"
153,PROD,จัดทำเอกสารระบบแนวทางและวิธีการที่ดีในการผลิตเครื่องสำอางอาเซี่ยน,"(OS) One Stop Service-เครื่องสำอาง","\N","\N",ACTIVE,"\N","\N","\N",153,202603,งานบริการ,"\N","\N","\N","\N","\N","2026-03-03 20:09:11.000000","\N","\N","\N",0,"\N","\N"
154,PROD,"การตรวจติดตามภายในการผลิตเครื่องสำอางของอาเซียน IQA For GMP Cosmetic","(OS) One Stop Service-เครื่องสำอาง","\N","\N",ACTIVE,"\N","\N","\N",154,202603,งานบริการ,"\N","\N","\N","\N","\N","2026-03-03 20:09:11.000000","\N","\N","\N",0,"\N","\N"
155,PROD,"ยื่นขอแก้ไขใบอนุญาตผลิต นำเข้า ส่งออก หรือมีไว้ในครอบครองเพื่อใช้รับจ้างวัตถุอันตรายชนิดที่ ๓","(OS) One Stop Service-วัตถุอันตราย","\N","\N",ACTIVE,"\N","\N","\N",155,202603,งานบริการ,"\N","\N","\N","\N","\N","2026-03-03 20:09:11.000000","\N","\N","\N",0,"\N","\N"
156,PROD,"ยื่นขออนุญาตผลิต นำเข้า ส่งออก หรือมีไว้ในครอบครองเพื่อใช้รับจ้างวัตถุอันตรายชนิดที่ ๓ (กรณีผู้ประกอบการรายใหม่ สถานที่ผลิตใหม่ สายการผลิตใหม่ หรือสถานที่เก็บรักษาใหม่)","(OS) One Stop Service-วัตถุอันตราย","\N","\N",ACTIVE,"\N","\N","\N",156,202603,งานบริการ,"\N","\N","\N","\N","\N","2026-03-03 20:09:11.000000","\N","\N","\N",0,"\N","\N"
157,PROD,ยื่นขอใบอนุญาตผลิตวัตถุอันตราย,"(OS) One Stop Service-วัตถุอันตราย","\N","\N",ACTIVE,"\N","\N","\N",157,202603,งานบริการ,"\N","\N","\N","\N","\N","2026-03-03 20:09:11.000000","\N","\N","\N",0,"\N","\N"
158,PROD,ยื่นต่ออายุใบอนุญาตผลิตวัตถุอันตราย,"(OS) One Stop Service-วัตถุอันตราย","\N","\N",ACTIVE,"\N","\N","\N",158,202603,งานบริการ,"\N","\N","\N","\N","\N","2026-03-03 20:09:11.000000","\N","\N","\N",0,"\N","\N"
159,PROD,ยื่นขออนุญาตเปลี่ยนแปลงแก้ไขรายการในใบอนุญาตสถานที่ผลิตวัตถุอันตราย,"(OS) One Stop Service-วัตถุอันตราย","\N","\N",ACTIVE,"\N","\N","\N",159,202603,งานบริการ,"\N","\N","\N","\N","\N","2026-03-03 20:09:11.000000","\N","\N","\N",0,"\N","\N"
160,PROD,ยื่นขอใบอนุญาตนำเข้าตัวอย่างวัตถุอันตราย,"(OS) One Stop Service-วัตถุอันตราย","\N","\N",ACTIVE,"\N","\N","\N",160,202603,งานบริการ,"\N","\N","\N","\N","\N","2026-03-03 20:09:11.000000","\N","\N","\N",0,"\N","\N"
161,PROD,ยื่นขอขึ้นทะเบียนวัตถุอันตราย,"(OS) One Stop Service-วัตถุอันตราย","\N","\N",ACTIVE,"\N","\N","\N",161,202603,งานบริการ,"\N","\N","\N","\N","\N","2026-03-03 20:09:11.000000","\N","\N","\N",0,"\N","\N"
162,PROD,"ยื่นแจ้งการดำเนินการผลิต นำเข้า ส่งออก หรือมีไว้ในครอบครองวัตถุอันตรายชนิดที่ ๒","(OS) One Stop Service-วัตถุอันตราย","\N","\N",ACTIVE,"\N","\N","\N",162,202603,งานบริการ,"\N","\N","\N","\N","\N","2026-03-03 20:09:11.000000","\N","\N","\N",0,"\N","\N"
163,PROD,"ยื่นขออนุญาตผลิต นำเข้า หรือส่งออกวัตถุอันตรายชนิดที่ ๓ (กรณีสายการผลิตเดิม หรือสถานที่เก็บรักษาเคยได้รับอนุญาตแล้ว)","(OS) One Stop Service-วัตถุอันตราย","\N","\N",ACTIVE,"\N","\N","\N",163,202603,งานบริการ,"\N","\N","\N","\N","\N","2026-03-03 20:09:11.000000","\N","\N","\N",0,"\N","\N"
164,PROD,ยื่นขอใบอนุญาตผ่านระบบมาตรฐานปศุสัตว์,"(OS) One Stop Service-Food Chain เช่น อาหารสัตว์,ฟาร์ม","\N","\N",ACTIVE,"\N","\N","\N",164,202603,งานบริการ,"\N","\N","\N","\N","\N","2026-03-03 20:09:11.000000","\N","\N","\N",0,"\N","\N"
165,PROD,"ยื่นขอรับการส่งเสริมการลงทุน (One-Stop Service Center for BOI Application) BOI","(OS) One Stop Service-อื่นๆ","\N","\N",ACTIVE,"\N","\N","\N",165,202603,งานบริการ,"\N","\N","\N","\N","\N","2026-03-03 20:09:11.000000","\N","\N","\N",0,"\N","\N"
166,PROD,ยื่นขอจดทะเบียนบริษัท/หจก.,"(OS) One Stop Service-อื่นๆ","\N","\N",ACTIVE,"\N","\N","\N",166,202603,งานบริการ,"\N","\N","\N","\N","\N","2026-03-03 20:09:11.000000","\N","\N","\N",0,"\N","\N"
167,PROD,"ยื่นขอจดทะเบียนภาษีมูลค่ำเพิ่ม (VAT)","(OS) One Stop Service-อื่นๆ","\N","\N",ACTIVE,"\N","\N","\N",167,202603,งานบริการ,"\N","\N","\N","\N","\N","2026-03-03 20:09:11.000000","\N","\N","\N",0,"\N","\N"
168,PROD,"ยื่นขอใบอนุญาตจัดตั้งโรงงาน (รง.4)","(OS) One Stop Service-อื่นๆ","\N","\N",ACTIVE,"\N","\N","\N",168,202603,งานบริการ,"\N","\N","\N","\N","\N","2026-03-03 20:09:11.000000","\N","\N","\N",0,"\N","\N"
169,PROD,"ออกแบบและเขียนแปลนอาคารโครงสร้างผลิต (สอดคล้องตามระบบมาตรฐานต่างๆ)","(OS) One Stop Service-อื่นๆ","\N","\N",ACTIVE,"\N","\N","\N",169,202603,งานบริการ,"\N","\N","\N","\N","\N","2026-03-03 20:09:11.000000","\N","\N","\N",0,"\N","\N"
170,PROD,ยื่นขอใบอนุญาตรื้อถอนเครื่องจักร,"(OS) One Stop Service-อื่นๆ","\N","\N",ACTIVE,"\N","\N","\N",170,202603,งานบริการ,"\N","\N","\N","\N","\N","2026-03-03 20:09:11.000000","\N","\N","\N",0,"\N","\N"
171,PROD,"จัดทำเอกสารระบบคุณภาพ HACCP ประเภทการวิเคราะห์อันตรายตามระบบ HACCP (Hazard Analysis)","(OS) One Stop Service-อื่นๆ","\N","\N",ACTIVE,"\N","\N","\N",171,202603,งานบริการ,"\N","\N","\N","\N","\N","2026-03-03 20:09:11.000000","\N","\N","\N",0,"\N","\N"
172,PROD,"จัดทำเอกสารระบบคุณภาพ GHPs ประเภทระเบียบปฏิบัติ (Procedure)","(OS) One Stop Service-อื่นๆ","\N","\N",ACTIVE,"\N","\N","\N",172,202603,งานบริการ,"\N","\N","\N","\N","\N","2026-03-03 20:09:11.000000","\N","\N","\N",0,"\N","\N"
173,PROD,"จัดทำเอกสารระบบคุณภาพ GHPs ประเภทระเบียบปฏิบัติ (Procedure) เเละ HACCP ประเภทการวิเคราะห์อันตรายตามระบบ HACCP (Hazard Analysis)","(OS) One Stop Service-อื่นๆ","\N","\N",ACTIVE,"\N","\N","\N",173,202603,งานบริการ,"\N","\N","\N","\N","\N","2026-03-03 20:09:11.000000","\N","\N","\N",0,"\N","\N"
174,PROD,"จัดทำเอกสารระบบคุณภาพ ประเภทขั้นตอนการปฏิบัติงาน (WI)","(OS) One Stop Service-อื่นๆ","\N","\N",ACTIVE,"\N","\N","\N",174,202603,งานบริการ,"\N","\N","\N","\N","\N","2026-03-03 20:09:11.000000","\N","\N","\N",0,"\N","\N"
175,PROD,"เทคนิคการเตรียมเอกสารสำหรับการจัดทำระบบมาตราฐาน  GHPs /HACCP","(OS) One Stop Service-อื่นๆ","\N","\N",ACTIVE,"\N","\N","\N",175,202603,งานบริการ,"\N","\N","\N","\N","\N","2026-03-03 20:09:11.000000","\N","\N","\N",0,"\N","\N"
176,PROD,"แก้ไขข้อบกพร่อง ระบบ.........(ทุกระบบ)","(OS) One Stop Service-อื่นๆ","\N","\N",ACTIVE,"\N","\N","\N",176,202603,งานบริการ,"\N","\N","\N","\N","\N","2026-03-03 20:09:11.000000","\N","\N","\N",0,"\N","\N"
177,PROD,"เตรียมความพร้อมก่อนทำระบบ GHPs","(OS) One Stop Service-อื่นๆ","\N","\N",ACTIVE,"\N","\N","\N",177,202603,งานบริการ,"\N","\N","\N","\N","\N","2026-03-03 20:09:11.000000","\N","\N","\N",0,"\N","\N"
178,PROD,"สอนจัดทำเอกสารตามข้อกำหนด ประกาศฉบับที่ี 420","(OS) One Stop Service-อื่นๆ","\N","\N",ACTIVE,"\N","\N","\N",178,202603,งานบริการ,"\N","\N","\N","\N","\N","2026-03-03 20:09:11.000000","\N","\N","\N",0,"\N","\N"
179,PROD,"เตรียมความพร้อมในการยื่นขอการรับรองระบบ GHPs","(OS) One Stop Service-อื่นๆ","\N","\N",ACTIVE,"\N","\N","\N",179,202603,งานบริการ,"\N","\N","\N","\N","\N","2026-03-03 20:09:11.000000","\N","\N","\N",0,"\N","\N"
180,PROD,"เตรียมความพร้อมในการยื่นขอการรับรองระบบ GHPs/HACCP","(OS) One Stop Service-อื่นๆ","\N","\N",ACTIVE,"\N","\N","\N",180,202603,งานบริการ,"\N","\N","\N","\N","\N","2026-03-03 20:09:11.000000","\N","\N","\N",0,"\N","\N"
181,PROD,"เตรียมความพร้อมในการยื่นขอการรับรองระบบ HACCP","(OS) One Stop Service-อื่นๆ","\N","\N",ACTIVE,"\N","\N","\N",181,202603,งานบริการ,"\N","\N","\N","\N","\N","2026-03-03 20:09:11.000000","\N","\N","\N",0,"\N","\N"
182,PROD,"ข้อกำหนดและการประยุกต์ใช้มาตรฐานสุขลักษณะที่ดีในการผลิตอาหาร (GHPs)/การวิเคราะห์อันตรายและการควบคุมจุดวิกฤติ (HACCP)","(TR) Training-อาหาร","\N","\N",ACTIVE,"\N","\N","\N",182,202603,งานบริการ,"\N","\N","\N","\N","\N","2026-03-03 20:09:11.000000","\N","\N","\N",0,"\N","\N"
183,PROD,"การตรวจติดตามภายในระบบการจัดการอาชีวอนามัยและความปลอดภัย (Internal Audit ISO45001)","(TR) Training-อื่นๆ","\N","\N",ACTIVE,"\N","\N","\N",183,202603,งานบริการ,"\N","\N","\N","\N","\N","2026-03-03 20:09:11.000000","\N","\N","\N",0,"\N","\N"
184,PROD,"การตรวจติดตามภายในการบริหารงานคุณภาพ (IQA For ISO 9001:2015)","(TR) Training-อื่นๆ","\N","\N",ACTIVE,"\N","\N","\N",184,202603,งานบริการ,"\N","\N","\N","\N","\N","2026-03-03 20:09:11.000000","\N","\N","\N",0,"\N","\N"
185,PROD,"ข้อกำหนดและการประยุกต์ใช้ : การจัดการด้านความปลอดภัยอาหาร (Food Safety Management System) ISO22000 :2018 Requirements & Implementation","(TR) Training-อาหาร","\N","\N",ACTIVE,"\N","\N","\N",185,202603,งานบริการ,"\N","\N","\N","\N","\N","2026-03-03 20:09:11.000000","\N","\N","\N",0,"\N","\N"
186,PROD,"ข้อกำหนดและการประยุกต์ใช้ : มาตรฐานอาหารระหว่างประเทศเพื่อให้การผลิตอาหารปลอดภัย (International Food Standard) IFS  V.7","(TR) Training-อาหาร","\N","\N",ACTIVE,"\N","\N","\N",186,202603,งานบริการ,"\N","\N","\N","\N","\N","2026-03-03 20:09:11.000000","\N","\N","\N",0,"\N","\N"
187,PROD,"ข้อกำหนดและการประยุกต์ใช้ : มาตรฐานอาหารระหว่างประเทศเพื่อให้การผลิตอาหารปลอดภัย(International Food Standard)IFS) **มี Work shop**","(TR) Training-อาหาร","\N","\N",ACTIVE,"\N","\N","\N",187,202603,งานบริการ,"\N","\N","\N","\N","\N","2026-03-03 20:09:11.000000","\N","\N","\N",0,"\N","\N"
188,PROD,"การป้องกันการก่อการร้ายทางอาหารและมาตรการป้องกันอาหารจากการก่อการร้ายโดยเจตนา (Food Defense and Food Security)","(TR) Training-อาหาร","\N","\N",ACTIVE,"\N","\N","\N",188,202603,งานบริการ,"\N","\N","\N","\N","\N","2026-03-03 20:09:11.000000","\N","\N","\N",0,"\N","\N"
189,PROD,"การควบคุมสารก่อภูมิแพ้ในอาหาร (Food Allergen Control)","(TR) Training-อาหาร","\N","\N",ACTIVE,"\N","\N","\N",189,202603,งานบริการ,"\N","\N","\N","\N","\N","2026-03-03 20:09:11.000000","\N","\N","\N",0,"\N","\N"
190,PROD,"การประเมินความเสี่ยงของอาหารปลอม (Food Fraud)","(TR) Training-อาหาร","\N","\N",ACTIVE,"\N","\N","\N",190,202603,งานบริการ,"\N","\N","\N","\N","\N","2026-03-03 20:09:11.000000","\N","\N","\N",0,"\N","\N"
191,PROD,"ข้อกำหนดและการประยุกต์ใช้ : มาตรฐานสุขลักษณะที่ดีในการผลิตอาหาร  (Good Hygiene Practice) GHPs **มี Work shop**","(TR) Training-อาหาร","\N","\N",ACTIVE,"\N","\N","\N",191,202603,งานบริการ,"\N","\N","\N","\N","\N","2026-03-03 20:09:11.000000","\N","\N","\N",0,"\N","\N"
192,PROD,"ข้อกำหนดและการประยุกต์ใช้ : มาตรฐานสุขลักษณะที่ดีในการผลิตอาหาร  (Good Hygiene Practices) GHPs V.2022","(TR) Training-อาหาร","\N","\N",ACTIVE,"\N","\N","\N",192,202603,งานบริการ,"\N","\N","\N","\N","\N","2026-03-03 20:09:11.000000","\N","\N","\N",0,"\N","\N"
193,PROD,"ข้อกำหนดและการประยุกต์ใช้ : การจัดการด้านความปลอดภัยอาหาร (Food Safety Management System) ISO22000 :2018 Requirements & Implementation**มี Work shop**","(TR) Training-อาหาร","\N","\N",ACTIVE,"\N","\N","\N",193,202603,งานบริการ,"\N","\N","\N","\N","\N","2026-03-03 20:09:11.000000","\N","\N","\N",0,"\N","\N"
194,PROD,"ข้อกำหนดและการประยุกต์ใช้มาตรฐานสุขลักษณะที่ดีในการผลิตอาหาร (GHPs)/การวิเคราะห์อันตรายและการควบคุมจุดวิกฤติ (HACCP) **มี Work shop**","(TR) Training-อาหาร","\N","\N",ACTIVE,"\N","\N","\N",194,202603,งานบริการ,"\N","\N","\N","\N","\N","2026-03-03 20:09:11.000000","\N","\N","\N",0,"\N","\N"
195,PROD,"ข้อกำหนดและการประยุกต์ใช้ : การวิเคราะห์อันตรายและการควบคุมจุดวิกฤติ HACCP V.2022","(TR) Training-อาหาร","\N","\N",ACTIVE,"\N","\N","\N",195,202603,งานบริการ,"\N","\N","\N","\N","\N","2026-03-03 20:09:11.000000","\N","\N","\N",0,"\N","\N"
196,PROD,"การตรวจติดตามภายในระบบมาตรฐานคุณภาพ (IQA Training For ISO9001:2015)","(TR) Training-อาหาร","\N","\N",ACTIVE,"\N","\N","\N",196,202603,งานบริการ,"\N","\N","\N","\N","\N","2026-03-03 20:09:11.000000","\N","\N","\N",0,"\N","\N"
197,PROD,"ข้อกำหนดและการประยุกต์ใช้ : มาตรฐานสุขลักษณะที่ดีในการผลิตอาหาร  (Good Hygiene Practice) GHPs","(TR) Training-อาหาร","\N","\N",ACTIVE,"\N","\N","\N",197,202603,งานบริการ,"\N","\N","\N","\N","\N","2026-03-03 20:09:11.000000","\N","\N","\N",0,"\N","\N"
198,PROD,"ข้อกำหนดและการประยุกต์ใช้หลักเกณฑ์และวิธีการที่ดีในการผลิตสำหรับบรรจุภัณฑ์(GHPs)/การวิเคราะห์อันตรายและการควบคุมจุดวิกฤติ (HACCP) Rev.6 (2022)","(TR) Training-อาหาร","\N","\N",ACTIVE,"\N","\N","\N",198,202603,งานบริการ,"\N","\N","\N","\N","\N","2026-03-03 20:09:11.000000","\N","\N","\N",0,"\N","\N"
199,PROD,"ข้อกำหนดและกำรประยุกต์ใช้ : หลักเกณฑ์และวิธีการที่ดีในการผลิตอาหารตามมาตรฐานสากล GMP Codex","(TR) Training-อาหาร","\N","\N",ACTIVE,"\N","\N","\N",199,202603,งานบริการ,"\N","\N","\N","\N","\N","2026-03-03 20:09:11.000000","\N","\N","\N",0,"\N","\N"
200,PROD,"ข้อกำหนดและการประยุกต์ใช้ : หลักเกณฑ์และวิธีการที่ดีในการผลิตอาหารตามมาตรฐาน อย. (GMP THAI FDA)","(TR) Training-อาหาร","\N","\N",ACTIVE,"\N","\N","\N",200,202603,งานบริการ,"\N","\N","\N","\N","\N","2026-03-03 20:09:11.000000","\N","\N","\N",0,"\N","\N"
201,PROD,"การตรวจติดตามภายในระบบความปลอดภัยอาหาร (IQA Training For GHPs)","(TR) Training-อาหาร","\N","\N",ACTIVE,"\N","\N","\N",201,202603,งานบริการ,"\N","\N","\N","\N","\N","2026-03-03 20:09:11.000000","\N","\N","\N",0,"\N","\N"
202,PROD,"การตรวจติดตามคุณภาพภายใน (Internal Quality Audit)","(TR) Training-อาหาร","\N","\N",ACTIVE,"\N","\N","\N",202,202603,งานบริการ,"\N","\N","\N","\N","\N","2026-03-03 20:09:11.000000","\N","\N","\N",0,"\N","\N"
203,PROD,"อบรม (ทบทวน) ข้อกำหนดและการประยุกต์ใช้ระบบมาตรฐาน ISO9001:2015 และ ระบบ GHPs","(TR) Training-อาหาร","\N","\N",ACTIVE,"\N","\N","\N",203,202603,งานบริการ,"\N","\N","\N","\N","\N","2026-03-03 20:09:11.000000","\N","\N","\N",0,"\N","\N"
204,PROD,"ข้อกำหนดและการประยุกต์ใช้ระบบบริหารงานคุณภาพ สำหรับกลุ่มอุตสาหกรรมยานยนต์ IATF 16949:2016","(TR) Training-อาหาร","\N","\N",ACTIVE,"\N","\N","\N",204,202603,งานบริการ,"\N","\N","\N","\N","\N","2026-03-03 20:09:11.000000","\N","\N","\N",0,"\N","\N"
205,PROD,"ข้อกำหนดและการประยุกต์ใช้ : มาตรฐานระบบการจัดการพลังงาน (Energy Management) ISO 50001","(TR) Training-อาหาร","\N","\N",ACTIVE,"\N","\N","\N",205,202603,งานบริการ,"\N","\N","\N","\N","\N","2026-03-03 20:09:11.000000","\N","\N","\N",0,"\N","\N"
206,PROD,"การตรวจติดตามภายในระบบการจัดการพลังงาน (Energy Management) ISO 50001","(TR) Training-อาหาร","\N","\N",ACTIVE,"\N","\N","\N",206,202603,งานบริการ,"\N","\N","\N","\N","\N","2026-03-03 20:09:11.000000","\N","\N","\N",0,"\N","\N"
207,PROD,"ข้อกำหนดและการประยุต์ใช้ : หลักสูตรการตรวจสอบและการควมคุมการผลิตอย่างมีประสิทธิภาพ","(TR) Training-อาหาร","\N","\N",ACTIVE,"\N","\N","\N",207,202603,งานบริการ,"\N","\N","\N","\N","\N","2026-03-03 20:09:11.000000","\N","\N","\N",0,"\N","\N"
208,PROD,"อบรมหัวข้อ : การดูแลเรื่องความปลอดภัยและอาชีวอนามัยในสถานที่ประกอบการ","(TR) Training-อาหาร","\N","\N",ACTIVE,"\N","\N","\N",208,202603,งานบริการ,"\N","\N","\N","\N","\N","2026-03-03 20:09:11.000000","\N","\N","\N",0,"\N","\N"
209,PROD,"จัดเตรียมเอกสาร : เรื่องความปลอดภัยและอาชีวอนามัยในสถานที่ประกอบการ","(TR) Training-อาหาร","\N","\N",ACTIVE,"\N","\N","\N",209,202603,งานบริการ,"\N","\N","\N","\N","\N","2026-03-03 20:09:11.000000","\N","\N","\N",0,"\N","\N"
210,PROD,"การตรวจติดตามภายในระบบความปลอดภัยอาหาร (IQA Training for HACCP)","(TR) Training-อาหาร","\N","\N",ACTIVE,"\N","\N","\N",210,202603,งานบริการ,"\N","\N","\N","\N","\N","2026-03-03 20:09:11.000000","\N","\N","\N",0,"\N","\N"
211,PROD,"การตรวจติดตามภายใน (Internal Quality Audit) BRC V.9","(TR) Training-อาหาร","\N","\N",ACTIVE,"\N","\N","\N",211,202603,งานบริการ,"\N","\N","\N","\N","\N","2026-03-03 20:09:11.000000","\N","\N","\N",0,"\N","\N"
212,PROD,"การประเมินความเสี่ยง (Risk Assessment)","(TR) Training-อาหาร","\N","\N",ACTIVE,"\N","\N","\N",212,202603,งานบริการ,"\N","\N","\N","\N","\N","2026-03-03 20:09:11.000000","\N","\N","\N",0,"\N","\N"
213,PROD,"การตรวจติดตามภายใน (Internal Quality Audit) BRC/IOP V.6","(TR) Training-อาหาร","\N","\N",ACTIVE,"\N","\N","\N",213,202603,งานบริการ,"\N","\N","\N","\N","\N","2026-03-03 20:09:11.000000","\N","\N","\N",0,"\N","\N"
214,PROD,"การตรวจประเมินระบบภายในระบบการจัดการ มาตรฐาน ISO 19011:2018","(TR) Training-อาหาร","\N","\N",ACTIVE,"\N","\N","\N",214,202603,งานบริการ,"\N","\N","\N","\N","\N","2026-03-03 20:09:11.000000","\N","\N","\N",0,"\N","\N"
215,PROD,"การป้องกันการก่อการร้ายทางอาหาร (Food Defense)","(TR) Training-อาหาร","\N","\N",ACTIVE,"\N","\N","\N",215,202603,งานบริการ,"\N","\N","\N","\N","\N","2026-03-03 20:09:11.000000","\N","\N","\N",0,"\N","\N"
216,PROD,"การลดความสูญเสีย 7 ประการ (7 Waste for cost reduction)","(TR) Training-อาหาร","\N","\N",ACTIVE,"\N","\N","\N",216,202603,งานบริการ,"\N","\N","\N","\N","\N","2026-03-03 20:09:11.000000","\N","\N","\N",0,"\N","\N"
217,PROD,"การปฎิบัติที่ดีในการผลิตสำหรับอุตสาหกรรมอาหารสัตว์ (GMP PLUS)","(TR) Training-อาหาร","\N","\N",ACTIVE,"\N","\N","\N",217,202603,งานบริการ,"\N","\N","\N","\N","\N","2026-03-03 20:09:11.000000","\N","\N","\N",0,"\N","\N"
218,PROD,"กลยุทธ์การบริหารงาน (KAIZEN)","(TR) Training-อาหาร","\N","\N",ACTIVE,"\N","\N","\N",218,202603,งานบริการ,"\N","\N","\N","\N","\N","2026-03-03 20:09:11.000000","\N","\N","\N",0,"\N","\N"
219,PROD,"ข้อกำหนด มาตรฐานระบบการจัดการตามมาตรฐานแรงงานไทย : (TLS 8001/มรท.8001)","(TR) Training-อาหาร","\N","\N",ACTIVE,"\N","\N","\N",219,202603,งานบริการ,"\N","\N","\N","\N","\N","2026-03-03 20:09:11.000000","\N","\N","\N",0,"\N","\N"
220,PROD,"ข้อกำหนดและการประยุกต์ใช้ : ความปลอดภัยสำหรับการผลิตอาหาร (Food Safety System Certification 22000) FSSC 22000 version 6","(TR) Training-อาหาร","\N","\N",ACTIVE,"\N","\N","\N",220,202603,งานบริการ,"\N","\N","\N","\N","\N","2026-03-03 20:09:11.000000","\N","\N","\N",0,"\N","\N"
221,PROD,"การตรวจติดตามคุณภาพภายใน (Internal Quality Audit) ISO 22000:2018","(TR) Training-อาหาร","\N","\N",ACTIVE,"\N","\N","\N",221,202603,งานบริการ,"\N","\N","\N","\N","\N","2026-03-03 20:09:11.000000","\N","\N","\N",0,"\N","\N"
222,PROD,"การตรวจติดตามคุณภาพภายใน (Internal Quality Audit) FSSC22000 V.6","(TR) Training-อาหาร","\N","\N",ACTIVE,"\N","\N","\N",222,202603,งานบริการ,"\N","\N","\N","\N","\N","2026-03-03 20:09:11.000000","\N","\N","\N",0,"\N","\N"
223,PROD,"การบริหารความเสี่ยงตามข้อกำหนด ระบบการจัดการสิ่งแวดล้อม (Risk Management for ISO 14001:2015)","(TR) Training-อาหาร","\N","\N",ACTIVE,"\N","\N","\N",223,202603,งานบริการ,"\N","\N","\N","\N","\N","2026-03-03 20:09:11.000000","\N","\N","\N",0,"\N","\N"
224,PROD,"การตรวจติดตามคุณภาพภายใน ISO/TS 16949 (INTERNAL QUALITY AUDITS : ISO/TS 16949)","(TR) Training-อาหาร","\N","\N",ACTIVE,"\N","\N","\N",224,202603,งานบริการ,"\N","\N","\N","\N","\N","2026-03-03 20:09:11.000000","\N","\N","\N",0,"\N","\N"
225,PROD,"การวางแผนคุณภาพผลิตภัณฑ์ล่วงหน้า Advance Product Quality Planning (APQP)","(TR) Training-อาหาร","\N","\N",ACTIVE,"\N","\N","\N",225,202603,งานบริการ,"\N","\N","\N","\N","\N","2026-03-03 20:09:11.000000","\N","\N","\N",0,"\N","\N"
226,PROD,"ข้อกำหนดและการประยุกต์ใช้ มาตรฐานสุขลักษณะที่ดีในการผลิตอาหาร GHPs / การวิเคราะห์อันตรายและการควบคุมจุดวิกฤติ HACCP Revision 2022","(TR) Training-อาหาร","\N","\N",ACTIVE,"\N","\N","\N",226,202603,งานบริการ,"\N","\N","\N","\N","\N","2026-03-03 20:09:11.000000","\N","\N","\N",0,"\N","\N"
227,PROD,"การตรวจติดตามคุณภาพภายใน (Internal Quality Audit) FSSC22000 6.0","(TR) Training-อาหาร","\N","\N",ACTIVE,"\N","\N","\N",227,202603,งานบริการ,"\N","\N","\N","\N","\N","2026-03-03 20:09:11.000000","\N","\N","\N",0,"\N","\N"
228,PROD,"มาตรฐานระบบการจัดการความมั่นคงปลอดภัยด้านสารสนเทศ (ISO 27001:2022)","(TR) Training-อาหาร","\N","\N",ACTIVE,"\N","\N","\N",228,202603,งานบริการ,"\N","\N","\N","\N","\N","2026-03-03 20:09:11.000000","\N","\N","\N",0,"\N","\N"
229,PROD,"การอบรมด้านความปลอดภัยของไซต์ (Site Security) และการปกป้องผลิตภัณฑ์ (Product Defense)","(TR) Training-อาหาร","\N","\N",ACTIVE,"\N","\N","\N",229,202603,งานบริการ,"\N","\N","\N","\N","\N","2026-03-03 20:09:11.000000","\N","\N","\N",0,"\N","\N"
230,PROD,"การป้องกันการก่อการร้ายทางอาหารและมาตรการป้องกันอาหารจากการก่อการร้ายโดยเจตนา (Food Defense and Food Security) / การประเมินความเสียงของอาหารปลอม (Food Fraud) และ การควบคุมสารก่อภูมิแพ้ในอาหาร (Food Allergen Control)","(TR) Training-อาหาร","\N","\N",ACTIVE,"\N","\N","\N",230,202603,งานบริการ,"\N","\N","\N","\N","\N","2026-03-03 20:09:11.000000","\N","\N","\N",0,"\N","\N"
231,PROD,"หลักสูตรควบคุมการผลิต (Control Plan)","(TR) Training-อาหาร","\N","\N",ACTIVE,"\N","\N","\N",231,202603,งานบริการ,"\N","\N","\N","\N","\N","2026-03-03 20:09:11.000000","\N","\N","\N",0,"\N","\N"
232,PROD,"หลักสูตรการบริหารจัดการความมั่นคงปลอดภัยสารสนเทศขององค์กรตามมาตรฐาน ISO/IEC 27001:2022","(TR) Training-อาหาร","\N","\N",ACTIVE,"\N","\N","\N",232,202603,งานบริการ,"\N","\N","\N","\N","\N","2026-03-03 20:09:11.000000","\N","\N","\N",0,"\N","\N"
233,PROD,"มาตรฐาน ISO 14064-1:2018 Greenhouse gases : ISO14064","(TR) Training-อาหาร","\N","\N",ACTIVE,"\N","\N","\N",233,202603,งานบริการ,"\N","\N","\N","\N","\N","2026-03-03 20:09:11.000000","\N","\N","\N",0,"\N","\N"
234,PROD,"ทบทวนข้อกำหนด BRC IOP Issue 6 ( Review training )","(TR) Training-อาหาร","\N","\N",ACTIVE,"\N","\N","\N",234,202603,งานบริการ,"\N","\N","\N","\N","\N","2026-03-03 20:09:11.000000","\N","\N","\N",0,"\N","\N"
235,PROD,"ข้อกำหนดและการประยุกต์ใช้ : ความปลอดภัยสำหรับการผลิตอาหาร (อาหารสัตว์) FSSC 22000 version 6","(TR) Training-อาหาร","\N","\N",ACTIVE,"\N","\N","\N",235,202603,งานบริการ,"\N","\N","\N","\N","\N","2026-03-03 20:09:11.000000","\N","\N","\N",0,"\N","\N"
236,PROD,"ข้อกำหนดมาตรฐานการผลิตขั้นต้น (Primary GMP)","(TR) Training-อาหาร","\N","\N",ACTIVE,"\N","\N","\N",236,202603,งานบริการ,"\N","\N","\N","\N","\N","2026-03-03 20:09:11.000000","\N","\N","\N",0,"\N","\N"
237,PROD,"หลักสูตร 5ส. (5S) เพื่อการเพิ่มผลผลิตและปรับปรุงงาน","(TR) Training-อาหาร","\N","\N",ACTIVE,"\N","\N","\N",237,202603,งานบริการ,"\N","\N","\N","\N","\N","2026-03-03 20:09:11.000000","\N","\N","\N",0,"\N","\N"
238,PROD,"ทบทวนข้อกำหนด FSSC 22000 version 6","(TR) Training-อาหาร","\N","\N",ACTIVE,"\N","\N","\N",238,202603,งานบริการ,"\N","\N","\N","\N","\N","2026-03-03 20:09:11.000000","\N","\N","\N",0,"\N","\N"
239,PROD,"Lean Manufacturing","(TR) Training-อาหาร","\N","\N",ACTIVE,"\N","\N","\N",239,202603,งานบริการ,"\N","\N","\N","\N","\N","2026-03-03 20:09:11.000000","\N","\N","\N",0,"\N","\N"
240,PROD,"TPM การบำรุงรักษาทวีผลแบบทุกคนมีส่วนร่วม Total Productive Maintenance ( TPM ) For IATF 16949","(TR) Training-อาหาร","\N","\N",ACTIVE,"\N","\N","\N",240,202603,งานบริการ,"\N","\N","\N","\N","\N","2026-03-03 20:09:11.000000","\N","\N","\N",0,"\N","\N"
241,PROD,"Risk base Thinking For IATF16949","(TR) Training-อาหาร","\N","\N",ACTIVE,"\N","\N","\N",241,202603,งานบริการ,"\N","\N","\N","\N","\N","2026-03-03 20:09:11.000000","\N","\N","\N",0,"\N","\N"
242,PROD,"Quality Awareness & Control For Operators","(TR) Training-อาหาร","\N","\N",ACTIVE,"\N","\N","\N",242,202603,งานบริการ,"\N","\N","\N","\N","\N","2026-03-03 20:09:11.000000","\N","\N","\N",0,"\N","\N"
243,PROD,"8D Report Why Why Analysis","(TR) Training-อาหาร","\N","\N",ACTIVE,"\N","\N","\N",243,202603,งานบริการ,"\N","\N","\N","\N","\N","2026-03-03 20:09:11.000000","\N","\N","\N",0,"\N","\N"
244,PROD,"หลักสูตรการประเมินประเด็นปัญหาด้านสิ่งแวดล้อม (environmental aspect)","(TR) Training-อาหาร","\N","\N",ACTIVE,"\N","\N","\N",244,202603,งานบริการ,"\N","\N","\N","\N","\N","2026-03-03 20:09:11.000000","\N","\N","\N",0,"\N","\N"
245,PROD,"ทบทวนข้อกำหนด BRCGS 9","(TR) Training-อาหาร","\N","\N",ACTIVE,"\N","\N","\N",245,202603,งานบริการ,"\N","\N","\N","\N","\N","2026-03-03 20:09:11.000000","\N","\N","\N",0,"\N","\N"
246,PROD,"Risk Management for ISO 9001:2015","(TR) Training-อาหาร","\N","\N",ACTIVE,"\N","\N","\N",246,202603,งานบริการ,"\N","\N","\N","\N","\N","2026-03-03 20:09:11.000000","\N","\N","\N",0,"\N","\N"
247,PROD,"การประเมินประเด็นปัญหาด้านสิ่งแวดล้อม (Environmental Aspects)","(TR) Training-อาหาร","\N","\N",ACTIVE,"\N","\N","\N",247,202603,งานบริการ,"\N","\N","\N","\N","\N","2026-03-03 20:09:11.000000","\N","\N","\N",0,"\N","\N"
248,PROD,"หลักสูตรการกำหนดตัวชี้วัด และจัดทาแผนปฏิบัติการ (Key Performance Indicators (KPIs) and Action Plan)","(TR) Training-อาหาร","\N","\N",ACTIVE,"\N","\N","\N",248,202603,งานบริการ,"\N","\N","\N","\N","\N","2026-03-03 20:09:11.000000","\N","\N","\N",0,"\N","\N"
249,PROD,"การตรวจติดตามภายในระบบความปลอดภัยอาหาร (IQA TRAINING FOR GHPs/HACCP)","(TR) Training-อาหาร","\N","\N",ACTIVE,"\N","\N","\N",249,202603,งานบริการ,"\N","\N","\N","\N","\N","2026-03-03 20:09:11.000000","\N","\N","\N",0,"\N","\N"
250,PROD,"ISO 19011:2018 Guidelines for auditing management systems","(TR) Training-อาหาร","\N","\N",ACTIVE,"\N","\N","\N",250,202603,งานบริการ,"\N","\N","\N","\N","\N","2026-03-03 20:09:11.000000","\N","\N","\N",0,"\N","\N"
251,PROD,"มาตรฐานฮาลาล (Halal)","(TR) Training-อาหาร","\N","\N",ACTIVE,"\N","\N","\N",251,202603,งานบริการ,"\N","\N","\N","\N","\N","2026-03-03 20:09:11.000000","\N","\N","\N",0,"\N","\N"
252,PROD,"ระบบการจัดการด้านสิ่งแวดล้อมและความยั่งยืน Carbon Footprint CFP","(TR) Training-อาหาร","\N","\N",ACTIVE,"\N","\N","\N",252,202603,งานบริการ,"\N","\N","\N","\N","\N","2026-03-03 20:09:11.000000","\N","\N","\N",0,"\N","\N"
253,PROD,"อบรมข้อกำหนด IATF16949:2016 (Core Tools for IATF16949:2016)","(TR) Training-อาหาร","\N","\N",ACTIVE,"\N","\N","\N",253,202603,งานบริการ,"\N","\N","\N","\N","\N","2026-03-03 20:09:11.000000","\N","\N","\N",0,"\N","\N"
254,PROD,"กิจกรรมอบรม จิตสำนึกคุณภาพ และความปลอดภัยของอาหาร BRCGS - FS Issue 9 (Quality & Food Safety Awarenes for BRCGS - FS Issue 9)","(TR) Training-อาหาร","\N","\N",ACTIVE,"\N","\N","\N",254,202603,งานบริการ,"\N","\N","\N","\N","\N","2026-03-03 20:09:11.000000","\N","\N","\N",0,"\N","\N"
255,PROD,"Training on changes to relevant requirements between BRCGS PK V.6 and BRCGS PK V.7","(TR) Training-อาหาร","\N","\N",ACTIVE,"\N","\N","\N",255,202603,งานบริการ,"\N","\N","\N","\N","\N","2026-03-03 20:09:11.000000","\N","\N","\N",0,"\N","\N"
256,PROD,"Internal Audit BRCGS Packaging","(TR) Training-อาหาร","\N","\N",ACTIVE,"\N","\N","\N",256,202603,งานบริการ,"\N","\N","\N","\N","\N","2026-03-03 20:09:11.000000","\N","\N","\N",0,"\N","\N"
257,PROD,"BRCGS Packaging Material Issue 7 (key change)","(TR) Training-อาหาร","\N","\N",ACTIVE,"\N","\N","\N",257,202603,งานบริการ,"\N","\N","\N","\N","\N","2026-03-03 20:09:11.000000","\N","\N","\N",0,"\N","\N"
258,PROD,"การตรวจติดตามภายใน (Internal Quality Audit) BRC/IOP V.7","(TR) Training-อาหาร","\N","\N",ACTIVE,"\N","\N","\N",258,202603,งานบริการ,"\N","\N","\N","\N","\N","2026-03-03 20:09:11.000000","\N","\N","\N",0,"\N","\N"
259,PROD,"ข้อกำหนดมาตราฐาน BRCGS สำหรับวัสดุบรรจุภัณฑ์ฉบับที่ 7 ( BRCGs Global Standard for Packaging Material issue 7)","(TR) Training-อาหาร","\N","\N",ACTIVE,"\N","\N","\N",259,202603,งานบริการ,"\N","\N","\N","\N","\N","2026-03-03 20:09:11.000000","\N","\N","\N",0,"\N","\N"
260,PROD,"BRCGS Global Standard for Packaging Materials Issue 7 : Requirement","(TR) Training-อาหาร","\N","\N",ACTIVE,"\N","\N","\N",260,202603,งานบริการ,"\N","\N","\N","\N","\N","2026-03-03 20:09:11.000000","\N","\N","\N",0,"\N","\N"
261,PROD,"กิจกรรมอบรม การกำหนดตัวชี้วัด และจัดทำแผนปฏิบัติการ (Key Performance Indicators (KPIs) and Action Plan)","(TR) Training-อาหาร","\N","\N",ACTIVE,"\N","\N","\N",261,202603,งานบริการ,"\N","\N","\N","\N","\N","2026-03-03 20:09:11.000000","\N","\N","\N",0,"\N","\N"
262,PROD,"การตรวจติดตามคุณภาพภายใน ISO/IEC 17025:2017 INTERNAL AUDIT","(TR) Training-อาหาร","\N","\N",ACTIVE,"\N","\N","\N",262,202603,งานบริการ,"\N","\N","\N","\N","\N","2026-03-03 20:09:11.000000","\N","\N","\N",0,"\N","\N"
263,PROD,"การป้องกันการก่อการร้ายทางอาหารและมาตรการป้องกันอาหารจากการก่อการร้ายโดยเจตนา (Food Defense and Food Security) และ การประเมินความเสียงของอาหารปลอม (Food Fraud)","(TR) Training-อาหาร","\N","\N",ACTIVE,"\N","\N","\N",263,202603,งานบริการ,"\N","\N","\N","\N","\N","2026-03-03 20:09:11.000000","\N","\N","\N",0,"\N","\N"
264,PROD,"เครื่องมือคุณภาพ 7 QC TOOLs (7 Quality Control Tools)","(TR) Training-อาหาร","\N","\N",ACTIVE,"\N","\N","\N",264,202603,งานบริการ,"\N","\N","\N","\N","\N","2026-03-03 20:09:11.000000","\N","\N","\N",0,"\N","\N"
265,PROD,"หลักสูตร การปรับปรุงอย่างต่อเนื่องและ ลดความสูญเสีย KAIZEN","(TR) Training-อาหาร","\N","\N",ACTIVE,"\N","\N","\N",265,202603,งานบริการ,"\N","\N","\N","\N","\N","2026-03-03 20:09:11.000000","\N","\N","\N",0,"\N","\N"
266,PROD,"หลักสูตรประเด็นปัญหาด้านสิ่งแวดล้อม   (environmental aspect)","(TR) Training-อาหาร","\N","\N",ACTIVE,"\N","\N","\N",266,202603,งานบริการ,"\N","\N","\N","\N","\N","2026-03-03 20:09:11.000000","\N","\N","\N",0,"\N","\N"
267,PROD,"GMP-MD Thai FDA:2566 Requirements","(TR) Training-อาหาร","\N","\N",ACTIVE,"\N","\N","\N",267,202603,งานบริการ,"\N","\N","\N","\N","\N","2026-03-03 20:09:11.000000","\N","\N","\N",0,"\N","\N"
268,PROD,"Risk Management for Medical Devices (ISO14971:2019)","(TR) Training-อาหาร","\N","\N",ACTIVE,"\N","\N","\N",268,202603,งานบริการ,"\N","\N","\N","\N","\N","2026-03-03 20:09:11.000000","\N","\N","\N",0,"\N","\N"
269,PROD,"ข้อกำหนดมาตรฐาน ISO14001& ISO45001 (Requirement)","(TR) Training-อาหาร","\N","\N",ACTIVE,"\N","\N","\N",269,202603,งานบริการ,"\N","\N","\N","\N","\N","2026-03-03 20:09:11.000000","\N","\N","\N",0,"\N","\N"
270,PROD,"INTERNAL AUDIT FOR ENVIRONMENTAL MANAGEMENT SYSTEM STANDARD (ISO 14001:2015)","(TR) Training-อาหาร","\N","\N",ACTIVE,"\N","\N","\N",270,202603,งานบริการ,"\N","\N","\N","\N","\N","2026-03-03 20:09:11.000000","\N","\N","\N",0,"\N","\N"
271,PROD,"INTERNAL AUDIT FOR OCCUPATIONAL HEALTH AND SAFETY MANAGEMENT SYSTEM STANDARD (ISO 45001:2018)","(TR) Training-อาหาร","\N","\N",ACTIVE,"\N","\N","\N",271,202603,งานบริการ,"\N","\N","\N","\N","\N","2026-03-03 20:09:11.000000","\N","\N","\N",0,"\N","\N"
272,PROD,"BRCGS Food Safety Issue 9 : Requirement","(TR) Training-อาหาร","\N","\N",ACTIVE,"\N","\N","\N",272,202603,งานบริการ,"\N","\N","\N","\N","\N","2026-03-03 20:09:11.000000","\N","\N","\N",0,"\N","\N"
273,PROD,"หลักสูตรฝึกอบรม : เครื่องมือหลักสำหรับระบบ IATF16949:2016 (Automotive Core Tools for IATF16949:2016)","(TR) Training-อาหาร","\N","\N",ACTIVE,"\N","\N","\N",273,202603,งานบริการ,"\N","\N","\N","\N","\N","2026-03-03 20:09:11.000000","\N","\N","\N",0,"\N","\N"
274,PROD,"การตรวจติดตามคุณภาพภายใน (Internal Audit GMP วัตถุอันตราย)","(TR) Training-อาหาร","\N","\N",ACTIVE,"\N","\N","\N",274,202603,งานบริการ,"\N","\N","\N","\N","\N","2026-03-03 20:09:11.000000","\N","\N","\N",0,"\N","\N"
275,PROD,"หลักสูตร ความรู้เบื้องต้นของคาร์บอนฟุตพริ้นท์องค์กร INTRODUCTION TO CARBON FOOTPRINT OF ORGANIZATION (CFO) (ISO 14064-1:2018)","(TR) Training-อาหาร","\N","\N",ACTIVE,"\N","\N","\N",275,202603,งานบริการ,"\N","\N","\N","\N","\N","2026-03-03 20:09:11.000000","\N","\N","\N",0,"\N","\N"
276,PROD,"การตรวจติดตามภายในสำหรับมาตรฐาน (Good for Active Pharmaceutical Ingredients ) (IQA For ICH-Q7)**มี Work shop**","(TR) Training-ยา","\N","\N",ACTIVE,"\N","\N","\N",276,202603,งานบริการ,"\N","\N","\N","\N","\N","2026-03-03 20:09:11.000000","\N","\N","\N",0,"\N","\N"
277,PROD,"ข้อกำหนดและการประยุกต์ใช้ : การประยุกต์ใช้มาตรฐาน (Good for Active Pharmaceutical Ingredients ) ICH-Q7**มี Work shop**","(TR) Training-ยา","\N","\N",ACTIVE,"\N","\N","\N",277,202603,งานบริการ,"\N","\N","\N","\N","\N","2026-03-03 20:09:11.000000","\N","\N","\N",0,"\N","\N"
278,PROD,"ข้อกำหนดและการประยุกต์ใช้ : หลักเกณฑ์และวิธีการที่ดีในการผลิตยา (Good Manufacturing Practice)","(TR) Training-ยา","\N","\N",ACTIVE,"\N","\N","\N",278,202603,งานบริการ,"\N","\N","\N","\N","\N","2026-03-03 20:09:11.000000","\N","\N","\N",0,"\N","\N"
279,PROD,"ข้อกำหนดและการประยุกต์ใช้ : หลักเกณฑ์และวิธีการที่ดีในการผลิตยา (Good Manufacturing Practice) **มี Work shop**","(TR) Training-ยา","\N","\N",ACTIVE,"\N","\N","\N",279,202603,งานบริการ,"\N","\N","\N","\N","\N","2026-03-03 20:09:11.000000","\N","\N","\N",0,"\N","\N"
280,PROD,"ข้อกำหนดและการประยุกต์ใช้ : หลักปฏิบัติที่ดีในการจัดเก็บและกระจายสินค้ายา (Guide to Good Storage & Distribution Practice For Pharmaceutical Product) GSDP PHARMA","(TR) Training-ยา","\N","\N",ACTIVE,"\N","\N","\N",280,202603,งานบริการ,"\N","\N","\N","\N","\N","2026-03-03 20:09:11.000000","\N","\N","\N",0,"\N","\N"
281,PROD,"ข้อกำหนดและการประยุกต์ใช้ : หลักปฏิบัติที่ดีในการจัดเก็บและกระจายสินค้ายา (Guide to Good Storage & Distribution Practice For Pharmaceutical Product) GSDP PHARMA **มี Work shop**","(TR) Training-ยา","\N","\N",ACTIVE,"\N","\N","\N",281,202603,งานบริการ,"\N","\N","\N","\N","\N","2026-03-03 20:09:11.000000","\N","\N","\N",0,"\N","\N"
282,PROD,"ข้อกำหนดและการประยุกต์ใช้ : การประยุกต์ใช้มาตรฐาน (Good for Active Pharmaceutical Ingredients ) ICH-Q7","(TR) Training-ยา","\N","\N",ACTIVE,"\N","\N","\N",282,202603,งานบริการ,"\N","\N","\N","\N","\N","2026-03-03 20:09:11.000000","\N","\N","\N",0,"\N","\N"
283,PROD,"การตรวจติดตามภายในสำหรับมาตรฐาน (Good for Active Pharmaceutical Ingredients ) (IQA For ICH-Q7)","(TR) Training-ยา","\N","\N",ACTIVE,"\N","\N","\N",283,202603,งานบริการ,"\N","\N","\N","\N","\N","2026-03-03 20:09:11.000000","\N","\N","\N",0,"\N","\N"
284,PROD,"ข้อกำหนดและการประยุกต์ใช้ : หลักเกณฑ์และวิธีการที่ดีในการกระจายเครื่องมือแพทย์ (Good Distribution Practice for Medical Devices-GDPMD) **มี Work shop**","(TR) Training-เครื่องมือแพทย์","\N","\N",ACTIVE,"\N","\N","\N",284,202603,งานบริการ,"\N","\N","\N","\N","\N","2026-03-03 20:09:11.000000","\N","\N","\N",0,"\N","\N"
285,PROD,"ข้อกำหนดและการประยุกต์ใช้ : การบริหารจัดการคุณภาพอุตสาหกรรมเครื่องมือแพทย์ (Medical devices Quality management systems) ISO13485:2016","(TR) Training-เครื่องมือแพทย์","\N","\N",ACTIVE,"\N","\N","\N",285,202603,งานบริการ,"\N","\N","\N","\N","\N","2026-03-03 20:09:11.000000","\N","\N","\N",0,"\N","\N"
286,PROD,"ข้อกำหนดและการประยุกต์ใช้ : การบริหารจัดการคุณภาพอุตสาหกรรมเครื่องมือแพทย์ (Medical devices Quality management systems) ISO13485:2016 **มี Work shop**","(TR) Training-เครื่องมือแพทย์","\N","\N",ACTIVE,"\N","\N","\N",286,202603,งานบริการ,"\N","\N","\N","\N","\N","2026-03-03 20:09:11.000000","\N","\N","\N",0,"\N","\N"
287,PROD,"ข้อกำหนดและการประยุกต์ใช้ : การจัดการความเสี่ยงของเครื่องมือและอุปกณ์ทางการแพทย์ (Application Of Risk Management to Medical Devices) ISO14971","(TR) Training-เครื่องมือแพทย์","\N","\N",ACTIVE,"\N","\N","\N",287,202603,งานบริการ,"\N","\N","\N","\N","\N","2026-03-03 20:09:11.000000","\N","\N","\N",0,"\N","\N"
288,PROD,"ข้อกำหนดและการประยุกต์ใช้ : การจัดการความเสี่ยงของเครื่องมือและอุปกณ์ทางการแพทย์ (Application Of Risk Management to Medical Devices) ISO14971 **มี Work shop**","(TR) Training-เครื่องมือแพทย์","\N","\N",ACTIVE,"\N","\N","\N",288,202603,งานบริการ,"\N","\N","\N","\N","\N","2026-03-03 20:09:11.000000","\N","\N","\N",0,"\N","\N"
289,PROD,"ข้อกำหนดและการประยุกต์ใช้ : หลักเกณฑ์และวิธีการที่ดีในการผลิตเครื่องมือแพทย์ (Guideline on the Application of Thai GMP Medical Devices) **มี Work shop**","(TR) Training-เครื่องมือแพทย์","\N","\N",ACTIVE,"\N","\N","\N",289,202603,งานบริการ,"\N","\N","\N","\N","\N","2026-03-03 20:09:11.000000","\N","\N","\N",0,"\N","\N"
290,PROD,"ข้อกำหนดและการประยุกต์ใช้ : หลักเกณฑ์และวิธีการที่ดีในการกระจายเครื่องมือแพทย์ (Good Distribution Practice for Medical Devices-GDPMD)","(TR) Training-เครื่องมือแพทย์","\N","\N",ACTIVE,"\N","\N","\N",290,202603,งานบริการ,"\N","\N","\N","\N","\N","2026-03-03 20:09:11.000000","\N","\N","\N",0,"\N","\N"
291,PROD,"ข้อกำหนดและการประยุกต์ใช้ : หลักเกณฑ์และวิธีการที่ดีในการผลิตเครื่องมือแพทย์ (Guideline on the Application of Thai GMP Medical Devices)","(TR) Training-เครื่องมือแพทย์","\N","\N",ACTIVE,"\N","\N","\N",291,202603,งานบริการ,"\N","\N","\N","\N","\N","2026-03-03 20:09:11.000000","\N","\N","\N",0,"\N","\N"
292,PROD,"ข้อกำหนดและการประยุกต์ใช้ : แนวทางวิธีการที่ดีในการผลิตเครื่องสำอางของอาเซียน (Asian guidelines for cosmetic Good Manufacturing Practice)","(TR) Training-เครื่องสำอาง","\N","\N",ACTIVE,"\N","\N","\N",292,202603,งานบริการ,"\N","\N","\N","\N","\N","2026-03-03 20:09:11.000000","\N","\N","\N",0,"\N","\N"
293,PROD,"ข้อกำหนดและการประยุกต์ใช้ : แนวทางวิธีการที่ดีในการผลิตเครื่องสำอางของอาเซียน (Asian guidelines for cosmetic Good Manufacturing Practice) **มี Work shop**","(TR) Training-เครื่องสำอาง","\N","\N",ACTIVE,"\N","\N","\N",293,202603,งานบริการ,"\N","\N","\N","\N","\N","2026-03-03 20:09:11.000000","\N","\N","\N",0,"\N","\N"
294,PROD,"ข้อกำหนดและการประยุกต์ใช้ : การปฏิบัติที่ดีในการผลิตเครื่องสำอาง (Cosmetics Good Manufacturing Practices) ISO 22716","(TR) Training-เครื่องสำอาง","\N","\N",ACTIVE,"\N","\N","\N",294,202603,งานบริการ,"\N","\N","\N","\N","\N","2026-03-03 20:09:11.000000","\N","\N","\N",0,"\N","\N"
295,PROD,"ข้อกำหนดและการประยุกต์ใช้ : การปฏิบัติที่ดีในการผลิตเครื่องสาอาง (Cosmetics Good Manufacturing Practices) ISO 22716 **มี Work shop**","(TR) Training-เครื่องสำอาง","\N","\N",ACTIVE,"\N","\N","\N",295,202603,งานบริการ,"\N","\N","\N","\N","\N","2026-03-03 20:09:11.000000","\N","\N","\N",0,"\N","\N"
296,PROD,"ข้อกำหนดและการประยุกต์ใช้ : หลักเกณฑ์และวิธีการที่ดีในการผลิตวัตถุอันตราย (Good Manufacturing Practice for Hazardous Substances)","(TR) Training-วัตถุอันตราย","\N","\N",ACTIVE,"\N","\N","\N",296,202603,งานบริการ,"\N","\N","\N","\N","\N","2026-03-03 20:09:11.000000","\N","\N","\N",0,"\N","\N"
297,PROD,"ข้อกำหนดและการประยุกต์ใช้ : หลักเกณฑ์และวิธีการที่ดีในการผลิตวัตถุอันตราย (Good Manufacturing Practice for Hazardous Substances) **มี Work shop**","(TR) Training-วัตถุอันตราย","\N","\N",ACTIVE,"\N","\N","\N",297,202603,งานบริการ,"\N","\N","\N","\N","\N","2026-03-03 20:09:11.000000","\N","\N","\N",0,"\N","\N"
298,PROD,"ทบทวนข้อกำหนด : มาตรฐานการรับรองระบบสาหรับกลุ่มบริษัทธุรกิจที่ผลิตบรรจุภัณฑ์เพื่อใช้ในการผลิตสินค้าให้กับบริษัทค้าปลีก (British Retail Consortium – Institute of Food Packaging) BRC IOP Issue","(TR) Training-Food Chain เช่น อาหารสัตว์,ฟาร์ม","\N","\N",ACTIVE,"\N","\N","\N",298,202603,งานบริการ,"\N","\N","\N","\N","\N","2026-03-03 20:09:11.000000","\N","\N","\N",0,"\N","\N"
299,PROD,"ข้อกำหนดและการประยุกต์ใช้ : มาตรฐานการรับรองระบบสาหรับกลุ่มบริษัทธุรกิจที่ผลิตบรรจุภัณฑ์เพื่อใช้ในการผลิตสินค้าให้กับบริษัทค้าปลีก (British Retail Consortium – Institute of Food Packaging) B","(TR) Training-Food Chain เช่น อาหารสัตว์,ฟาร์ม","\N","\N",ACTIVE,"\N","\N","\N",299,202603,งานบริการ,"\N","\N","\N","\N","\N","2026-03-03 20:09:11.000000","\N","\N","\N",0,"\N","\N"
300,PROD,"ข้อกำหนดและการประยุกต์ใช้ : มาตรฐานการรับรองระบบสาหรับกลุ่มบริษัทธุรกิจที่ผลิตบรรจุภัณฑ์เพื่อใช้ในการผลิตสินค้าให้กับบริษัทค้าปลีก (British Retail Consortium – Institute of Food Packaging) B","(TR) Training-Food Chain เช่น อาหารสัตว์,ฟาร์ม","\N","\N",ACTIVE,"\N","\N","\N",300,202603,งานบริการ,"\N","\N","\N","\N","\N","2026-03-03 20:09:11.000000","\N","\N","\N",0,"\N","\N"
301,PROD,"ข้อกำหนดและการประยุกต์ใช้ : หลักเกณฑ์และวิธีการที่ดีในการผลิตอาหารสัตว์ GHPs/การวิเคราะห์อันตรายและการควบคุมจุดวิกฤติ (HACCP)","(TR) Training-Food Chain เช่น อาหารสัตว์,ฟาร์ม","\N","\N",ACTIVE,"\N","\N","\N",301,202603,งานบริการ,"\N","\N","\N","\N","\N","2026-03-03 20:09:11.000000","\N","\N","\N",0,"\N","\N"
302,PROD,"การตรวจติดตามภายในการจัดการสิ่งแวดล้อม (IQA For ISO 14001:2015) **มี Work shop**","(TR) Training-อื่นๆ","\N","\N",ACTIVE,"\N","\N","\N",302,202603,งานบริการ,"\N","\N","\N","\N","\N","2026-03-03 20:09:11.000000","\N","\N","\N",0,"\N","\N"
303,PROD,"ข้อกำหนดและการประยุกต์ใช้ : มาตรฐานห้องปฏิบัติการ ( ISO/IEC 17025:2017 Requirement and Implementation )","(TR) Training-อื่นๆ","\N","\N",ACTIVE,"\N","\N","\N",303,202603,งานบริการ,"\N","\N","\N","\N","\N","2026-03-03 20:09:11.000000","\N","\N","\N",0,"\N","\N"
304,PROD,"หลักสูตรปฐมพยาบาลเบื้องต้น (Basic First Aid Course)","(TR) Training-อื่นๆ","\N","\N",ACTIVE,"\N","\N","\N",304,202603,งานบริการ,"\N","\N","\N","\N","\N","2026-03-03 20:09:11.000000","\N","\N","\N",0,"\N","\N"
305,PROD,"ข้อกำหนดและการประยุกต์ใช้ : การจัดการอาชีวอนามัยและความปลอดภัย (Occupational Health and Safety Management Systems) ISO 45001:2018 (Requirements & Implementation)","(TR) Training-อื่นๆ","\N","\N",ACTIVE,"\N","\N","\N",305,202603,งานบริการ,"\N","\N","\N","\N","\N","2026-03-03 20:09:11.000000","\N","\N","\N",0,"\N","\N"
306,PROD,"ข้อกำหนดและการประยุกต์ใช้ : มาตรฐานห้องปฏิบัติการ ( ISO/IEC 17025:2017 Requirement and Implementation)**มี Work shop**","(TR) Training-อื่นๆ","\N","\N",ACTIVE,"\N","\N","\N",306,202603,งานบริการ,"\N","\N","\N","\N","\N","2026-03-03 20:09:11.000000","\N","\N","\N",0,"\N","\N"
307,PROD,"ข้อกำหนดและการประยุกต์ใช้ : การจัดการสิ่งแวดล้อม (ISO14001:2015 Requirements & Implementation)","(TR) Training-อื่นๆ","\N","\N",ACTIVE,"\N","\N","\N",307,202603,งานบริการ,"\N","\N","\N","\N","\N","2026-03-03 20:09:11.000000","\N","\N","\N",0,"\N","\N"
308,PROD,"ข้อกำหนดและการประยุกต์ใช้ : การบริหารงานคุณภาพ (ISO9001:2015 Requirements & Implementation)","(TR) Training-อื่นๆ","\N","\N",ACTIVE,"\N","\N","\N",308,202603,งานบริการ,"\N","\N","\N","\N","\N","2026-03-03 20:09:11.000000","\N","\N","\N",0,"\N","\N"
309,PROD,"เทคนิคการเตรียมเอกสารสาหรับการจัดทาระบบมาตรฐาน ISO 9001:2015","(TR) Training-อื่นๆ","\N","\N",ACTIVE,"\N","\N","\N",309,202603,งานบริการ,"\N","\N","\N","\N","\N","2026-03-03 20:09:11.000000","\N","\N","\N",0,"\N","\N"
310,PROD,"ข้อกำหนดและการประยุกต์ใช้ : การจัดการอาชีวอนามัยและความปลอดภัย (Occupational Health and Safety Management Systems) ISO 45001:2018 (Requirements & Implementation) **มี Work shop**","(TR) Training-อื่นๆ","\N","\N",ACTIVE,"\N","\N","\N",310,202603,งานบริการ,"\N","\N","\N","\N","\N","2026-03-03 20:09:11.000000","\N","\N","\N",0,"\N","\N"
311,PROD,"ข้อกำหนดและการประยุกต์ใช้ : การบริหารงานคุณภาพ (ISO 9001:2015 Requirements & Implementation) **มี Work shop**","(TR) Training-อื่นๆ","\N","\N",ACTIVE,"\N","\N","\N",311,202603,งานบริการ,"\N","\N","\N","\N","\N","2026-03-03 20:09:11.000000","\N","\N","\N",0,"\N","\N"
312,PROD,"การตรวจติดตามภายในการบริหารงานคุณภาพ (IQA For ISO 9001:2015) **มี Work shop**","(TR) Training-อื่นๆ","\N","\N",ACTIVE,"\N","\N","\N",312,202603,งานบริการ,"\N","\N","\N","\N","\N","2026-03-03 20:09:11.000000","\N","\N","\N",0,"\N","\N"
313,PROD,"การตรวจประเมินภายในการจัดการสิ่งแวดล้อม ISO 14001:2015 (IQA For ISO14001:2015)","(TR) Training-อื่นๆ","\N","\N",ACTIVE,"\N","\N","\N",313,202603,งานบริการ,"\N","\N","\N","\N","\N","2026-03-03 20:09:11.000000","\N","\N","\N",0,"\N","\N"
314,PROD,"ข้อกำหนดและการประยุกต์ใช้ : การจัดการพลังงานตามมาตรฐานสากล (Energy Management System) ISO50001:2018","(TR) Training-อื่นๆ","\N","\N",ACTIVE,"\N","\N","\N",314,202603,งานบริการ,"\N","\N","\N","\N","\N","2026-03-03 20:09:11.000000","\N","\N","\N",0,"\N","\N"
315,PROD,"ข้อกำหนดและการประยุกต์ใช้ : การจัดการพลังงานตามมาตรฐานสากล (Energy Management System) ISO50001:2018 **มี Work shop**","(TR) Training-อื่นๆ","\N","\N",ACTIVE,"\N","\N","\N",315,202603,งานบริการ,"\N","\N","\N","\N","\N","2026-03-03 20:09:11.000000","\N","\N","\N",0,"\N","\N"
316,PROD,"ข้อกำหนดและการประยุกต์ใช้ : การวิเคราะห์อันตรายและการควบคุมจุดวิกฤติ (Hazard Analysis and Critical Control Point : HACCP Requirements & Implementation)","(TR) Training-อื่นๆ","\N","\N",ACTIVE,"\N","\N","\N",316,202603,งานบริการ,"\N","\N","\N","\N","\N","2026-03-03 20:09:11.000000","\N","\N","\N",0,"\N","\N"
317,PROD,"ทบทวนข้อกำหนด : การวิเคราะห์อันตรายและการควบคุมจุดวิกฤติ (Hazard Analysis and Critical Control Point : HACCP Refresh Training)","(TR) Training-อื่นๆ","\N","\N",ACTIVE,"\N","\N","\N",317,202603,งานบริการ,"\N","\N","\N","\N","\N","2026-03-03 20:09:11.000000","\N","\N","\N",0,"\N","\N"
318,PROD,"ข้อกำหนดและการประยุกต์ใช้: การวิเคราะห์อันตรายและการควบคุมจุดวิกฤติ (Hazard Analysis and Critical Control Point : HACCP Requirements & Implementation) V.2022","(TR) Training-อื่นๆ","\N","\N",ACTIVE,"\N","\N","\N",318,202603,งานบริการ,"\N","\N","\N","\N","\N","2026-03-03 20:09:11.000000","\N","\N","\N",0,"\N","\N"
319,PROD,"ข้อกำหนดมาตราฐานแรงงานไทย TLS 8001-2020","(TR) Training-อื่นๆ","\N","\N",ACTIVE,"\N","\N","\N",319,202603,งานบริการ,"\N","\N","\N","\N","\N","2026-03-03 20:09:11.000000","\N","\N","\N",0,"\N","\N"
320,PROD,"ข้อกำหนดและการประยุกต์ใช้ : วิธีการผลิตเครื่องมือเครื่องใช้การผลิตและการเก็บรักษาอาหาร  ประกาศฉบับ 420","(TR) Training-อื่นๆ","\N","\N",ACTIVE,"\N","\N","\N",320,202603,งานบริการ,"\N","\N","\N","\N","\N","2026-03-03 20:09:11.000000","\N","\N","\N",0,"\N","\N"
321,PROD,"การตรวจติดตามภายในการจัดการสิ่งแวดล้อม (IQA For ISO 14001:2015)","(TR) Training-อื่นๆ","\N","\N",ACTIVE,"\N","\N","\N",321,202603,งานบริการ,"\N","\N","\N","\N","\N","2026-03-03 20:09:11.000000","\N","\N","\N",0,"\N","\N"
322,PROD,"ข้อกำหนดและการประยุกต์ใช้ : ความปลอดภัยสำหรับการผลิตบรรจุภัณฑ์อาหาร (Food Safety System Certification 22000) FSSC 22000 version 6","(TR) Training-อื่นๆ","\N","\N",ACTIVE,"\N","\N","\N",322,202603,งานบริการ,"\N","\N","\N","\N","\N","2026-03-03 20:09:11.000000","\N","\N","\N",0,"\N","\N"
323,PROD,กฎหมายการจัดการกากอุตสาหกรรม,"(TR) Training-อื่นๆ","\N","\N",ACTIVE,"\N","\N","\N",323,202603,งานบริการ,"\N","\N","\N","\N","\N","2026-03-03 20:09:11.000000","\N","\N","\N",0,"\N","\N"
324,PROD,"การประเมินประเด็นปัญหาสิ่งแวดล้อม Environmental Aspect Identification for ISO 14001:2015","(TR) Training-อื่นๆ","\N","\N",ACTIVE,"\N","\N","\N",324,202603,งานบริการ,"\N","\N","\N","\N","\N","2026-03-03 20:09:11.000000","\N","\N","\N",0,"\N","\N"
325,PROD,"หลักสูตร แนวทางสำหรับการเขียนเอกสารขั้นตอนการการเรียกคืนผลิตภัณฑ์ Mock Recall 1","(TR) Training-อื่นๆ","\N","\N",ACTIVE,"\N","\N","\N",325,202603,งานบริการ,"\N","\N","\N","\N","\N","2026-03-03 20:09:11.000000","\N","\N","\N",0,"\N","\N"
326,PROD,"Carbon Footprint and Greenhouse Gases Management Based on ISO 14064","(TR) Training-อื่นๆ","\N","\N",ACTIVE,"\N","\N","\N",326,202603,งานบริการ,"\N","\N","\N","\N","\N","2026-03-03 20:09:11.000000","\N","\N","\N",0,"\N","\N"
327,PROD,"ISO 9001:2015 & ISO14001:2015 Risk assessment (การประเมินความความเสี่ยง)","(TR) Training-อื่นๆ","\N","\N",ACTIVE,"\N","\N","\N",327,202603,งานบริการ,"\N","\N","\N","\N","\N","2026-03-03 20:09:11.000000","\N","\N","\N",0,"\N","\N"
328,PROD,"Integrating Requirement ISO 9001:2015 and ISO 14001:2015","(TR) Training-อื่นๆ","\N","\N",ACTIVE,"\N","\N","\N",328,202603,งานบริการ,"\N","\N","\N","\N","\N","2026-03-03 20:09:11.000000","\N","\N","\N",0,"\N","\N"
329,PROD,"การตรวจติดตามคุณภาพภายใน (Internal Quality Audit) ISO 9001 & ISO 14001","(TR) Training-อื่นๆ","\N","\N",ACTIVE,"\N","\N","\N",329,202603,งานบริการ,"\N","\N","\N","\N","\N","2026-03-03 20:09:11.000000","\N","\N","\N",0,"\N","\N"
330,PROD,"ทบทวน ข้อกำหนดระบบมาตรฐาน FSSC 22000 version 6 (บรรจุภัณฑ์)","(TR) Training-อื่นๆ","\N","\N",ACTIVE,"\N","\N","\N",330,202603,งานบริการ,"\N","\N","\N","\N","\N","2026-03-03 20:09:11.000000","\N","\N","\N",0,"\N","\N"
331,SVC-,ส่วนลด,งานบริการ,"\N",รายการ,ACTIVE,"\N","\N","\N",1,202603,งานบริการ,"\N","\N","\N","\N","\N","2026-03-12 21:03:00.000000","\N","\N","\N",0,"\N","\N"
332,SVC-,"หลักสูตร Requirement & Internal Audit For Integrated ISO9001:2015 + ISO14001:2015",บริการฝึกอบรมภายใน,"\N",MD,ACTIVE,"\N","\N","\N",2,202604,งานบริการ,"\N","\N","\N","\N","\N","2026-04-08 13:04:00.000000","\N","\N","\N",0,"\N","\N"
333,SVC-,ใบประกาศนียบัตร,-,"\N",-,ACTIVE,"\N","\N","\N",3,202604,งานบริการ,"\N","\N","\N","\N","\N","2026-04-08 15:04:00.000000","\N","\N","\N",0,"\N","\N"
334,SVC-,"หลักสูตร Food Defense (TACCP) (PAS96) และ Food Fruad (VACCP)",-,"\N",-,ACTIVE,"\N","\N","\N",4,202604,งานบริการ,"\N","\N","\N","\N","\N","2026-04-08 16:04:00.000000","\N","\N","\N",0,"\N","\N"
335,SVC-,"HACCP Principle and Implementation",บริการฝึกอบรมภายใน,"\N",-,ACTIVE,"\N","\N","\N",5,202604,งานบริการ,"\N","\N","\N","\N","\N","2026-04-09 12:04:00.000000","\N","\N","\N",0,"\N","\N"
336,SVC-,"HACCP Principle & Implementation",บริการฝึกอบรมภายใน,"\N",-,ACTIVE,"\N","\N","\N",6,202604,งานบริการ,"\N","\N","\N","\N","\N","2026-04-17 10:04:00.000000","\N","\N","\N",0,"\N","\N"
337,SVC-,"ข้อกำหนดและการประยุกต์ใช้ระบบการบริหารคุณภาพ IATF 16949:2016",บริการฝึกอบรมภายใน,"\N",-,ACTIVE,"\N","\N","\N",7,202604,งานบริการ,"\N","\N","\N","\N","\N","2026-04-30 15:04:00.000000","\N","\N","\N",0,"\N","\N"
338,SVC-,"ทบทวนข้อกำหนด GHPs&HACCP Rev.6 (2022)",บริการฝึกอบรมภายใน,"\N",-,ACTIVE,"\N","\N","\N",8,202605,งานบริการ,"\N","\N","\N","\N","\N","2026-05-05 10:05:00.000000","\N","\N","\N",0,"\N","\N"
339,SVC-,"การจัดการสารก่อภูมิแพ้ (Allergen management) และมาตรการป้องกันการก่อการร้ายทางด้านอาหาร (Food defense)",บริการฝึกอบรมภายใน,"\N",-,ACTIVE,"\N","\N","\N",9,202605,งานบริการ,"\N","\N","\N","\N","\N","2026-05-05 10:05:00.000000","\N","\N","\N",0,"\N","\N"
340,SVC-,"ส่วนลดลูกค้าสำหรับอบรมหลักสูตรที่ 2",บริการฝึกอบรมภายใน,"\N",-,ACTIVE,"\N","\N","\N",10,202605,งานบริการ,"\N","\N","\N","\N","\N","2026-05-12 15:05:00.000000","\N","\N","\N",0,"\N","\N"
341,SVC-,"ข้อกำหนดและการประยุกต์ใช้มาตรฐานด้านความปลอดภัยอาหาร( GHPs HACCP 2022 )",บริการฝึกอบรมภายใน,"\N",-,ACTIVE,"\N","\N","\N",11,202605,งานบริการ,"\N","\N","\N","\N","\N","2026-05-12 17:05:00.000000","\N","\N","\N",0,"\N","\N"
342,SVC-,"ข้อกำหนดมาตรฐาน ISO14001:2026 Requirement",บริการฝึกอบรมภายใน,"\N",-,ACTIVE,"\N","\N","\N",12,202605,งานบริการ,"\N","\N","\N","\N","\N","2026-05-13 15:05:00.000000","\N","\N","\N",0,"\N","\N"
343,SVC-,"เตรียมความพร้อม (Pre Audit) ตรวจรับรองประจำปี ระบบมาตรฐาน GHPs/HACCP","บริการ One Stop Service","\N",-,ACTIVE,"\N","\N","\N",13,202606,งานบริการ,"\N","\N","\N","\N","\N","2026-06-01 15:06:00.000000","\N","\N","\N",0,"\N","\N"
344,SVC-,"ทบทวนข้อกำหนด Food Allergen",บริการฝึกอบรมภายใน,"\N",-,ACTIVE,"\N","\N","\N",14,202606,งานบริการ,"\N","\N","\N","\N","\N","2026-06-09 09:06:00.000000","\N","\N","\N",0,"\N","\N"
